Date	Product	Store	Sales	Revenue	Discount	Holiday
2024-01-01	Monitor	Trichy Main	498.63	468.71	0.06	0
2024-01-01	Printer	Madurai Plaza	431.76	358.36	0.17	0
2024-01-01	Smartphone	Bangalore Central	765.11	596.79	0.22	0
2024-01-01	Monitor	Madurai Plaza	540.61	497.36	0.08	0
2024-01-01	Speaker	Chennai Central	272.2	195.98	0.28	0
2024-01-01	Smartwatch	Trichy Main	361.12	260.01	0.28	0
2024-01-02	Tablet	Chennai Central	546.34	475.32	0.13	0
2024-01-02	Smartwatch	Bangalore Central	237.48	208.98	0.12	0
2024-01-02	Mouse	Trichy Main	96.1	81.68	0.15	0
2024-01-03	Smartphone	Trichy Main	965.6	772.48	0.2	0
2024-01-04	Speaker	Bangalore Central	304.14	261.56	0.14	0
2024-01-04	Speaker	Trichy Main	251.79	214.02	0.15	0
2024-01-04	Smartwatch	Madurai Plaza	310.64	226.77	0.27	0
2024-01-04	Printer	Madurai Plaza	354.59	248.21	0.3	0
2024-01-05	Tablet	Madurai Plaza	629.8	453.46	0.28	0
2024-01-05	Speaker	Salem Hub	199.57	167.64	0.16	0
2024-01-05	Monitor	Coimbatore Mall	439.15	364.49	0.17	0
2024-01-05	Mouse	Salem Hub	122.54	102.93	0.16	1
2024-01-05	Keyboard	Chennai Central	128.55	95.13	0.26	0
2024-01-06	Monitor	Coimbatore Mall	556.05	422.6	0.24	0
2024-01-06	Monitor	Madurai Plaza	477.86	367.95	0.23	0
2024-01-06	Smartwatch	Coimbatore Mall	321.84	312.18	0.03	0
2024-01-06	Keyboard	Chennai Central	162.86	130.29	0.2	0
2024-01-07	Smartphone	Chennai Central	768.12	622.18	0.19	0
2024-01-07	Keyboard	Bangalore Central	144.82	104.27	0.28	0
2024-01-08	Speaker	Madurai Plaza	138.26	121.67	0.12	0
2024-01-08	Keyboard	Chennai Central	129.0	126.42	0.02	0
2024-01-08	Printer	Madurai Plaza	449.46	444.97	0.01	1
2024-01-09	Headphones	Trichy Main	210.83	174.99	0.17	0
2024-01-09	Laptop	Chennai Central	888.74	648.78	0.27	0
2024-01-09	Keyboard	Coimbatore Mall	153.44	139.63	0.09	0
2024-01-10	Monitor	Madurai Plaza	474.09	365.05	0.23	0
2024-01-10	Smartphone	Coimbatore Mall	903.14	839.92	0.07	0
2024-01-12	Mouse	Salem Hub	99.34	72.52	0.27	0
2024-01-12	Printer	Salem Hub	385.7	296.99	0.23	1
2024-01-12	Laptop	Salem Hub	1064.27	1000.41	0.06	1
2024-01-13	Printer	Chennai Central	331.69	321.74	0.03	0
2024-01-13	Printer	Coimbatore Mall	317.52	317.52	0.0	0
2024-01-13	Mouse	Madurai Plaza	58.86	58.27	0.01	0
2024-01-13	Smartphone	Bangalore Central	1078.22	916.49	0.15	0
2024-01-14	Keyboard	Salem Hub	118.94	107.05	0.1	0
2024-01-14	Tablet	Bangalore Central	528.15	470.05	0.11	0
2024-01-14	Smartwatch	Trichy Main	315.3	299.54	0.05	1
2024-01-14	Mouse	Bangalore Central	102.04	78.57	0.23	1
2024-01-15	Tablet	Bangalore Central	442.07	389.02	0.12	0
2024-01-15	Laptop	Bangalore Central	988.07	869.5	0.12	0
2024-01-15	Monitor	Coimbatore Mall	516.08	423.19	0.18	0
2024-01-16	Smartwatch	Trichy Main	311.1	245.77	0.21	0
2024-01-17	Printer	Trichy Main	352.62	289.15	0.18	0
2024-01-18	Laptop	Chennai Central	1044.76	982.07	0.06	0
2024-01-19	Smartphone	Salem Hub	819.32	745.58	0.09	0
2024-01-19	Smartphone	Madurai Plaza	1087.23	967.63	0.11	0
2024-01-20	Mouse	Salem Hub	87.37	86.5	0.01	0
2024-01-20	Laptop	Coimbatore Mall	1424.46	1395.97	0.02	0
2024-01-20	Keyboard	Coimbatore Mall	150.92	113.19	0.25	0
2024-01-21	Printer	Salem Hub	302.54	278.34	0.08	0
2024-01-21	Smartwatch	Bangalore Central	273.36	237.82	0.13	0
2024-01-22	Smartwatch	Bangalore Central	266.11	210.23	0.21	0
2024-01-22	Speaker	Salem Hub	341.92	242.76	0.29	0
2024-01-22	Smartwatch	Madurai Plaza	268.6	209.51	0.22	0
2024-01-23	Speaker	Bangalore Central	178.84	128.76	0.28	1
2024-01-23	Tablet	Madurai Plaza	600.89	564.84	0.06	0
2024-01-25	Laptop	Salem Hub	1160.84	1009.93	0.13	0
2024-01-25	Printer	Trichy Main	329.82	316.63	0.04	0
2024-01-25	Mouse	Salem Hub	66.37	65.04	0.02	0
2024-01-26	Tablet	Salem Hub	588.29	541.23	0.08	0
2024-01-26	Monitor	Trichy Main	352.16	338.07	0.04	0
2024-01-26	Smartphone	Madurai Plaza	1047.1	732.97	0.3	0
2024-01-27	Printer	Trichy Main	420.77	361.86	0.14	0
2024-01-28	Headphones	Madurai Plaza	214.56	165.21	0.23	0
2024-01-28	Printer	Coimbatore Mall	555.13	416.35	0.25	1
2024-01-28	Smartwatch	Coimbatore Mall	304.33	261.72	0.14	0
2024-01-28	Laptop	Chennai Central	907.33	653.28	0.28	0
2024-01-28	Smartwatch	Madurai Plaza	287.94	256.27	0.11	0
2024-01-29	Keyboard	Chennai Central	134.13	124.74	0.07	0
2024-01-29	Monitor	Bangalore Central	523.97	503.01	0.04	0
2024-01-30	Tablet	Madurai Plaza	629.34	572.7	0.09	0
2024-01-31	Smartwatch	Trichy Main	284.61	281.76	0.01	0
2024-02-02	Mouse	Coimbatore Mall	99.86	79.89	0.2	0
2024-02-02	Headphones	Trichy Main	238.1	190.48	0.2	0
2024-02-02	Headphones	Bangalore Central	218.03	213.67	0.02	0
2024-02-03	Smartphone	Trichy Main	660.33	600.9	0.09	0
2024-02-03	Headphones	Bangalore Central	189.34	170.41	0.1	1
2024-02-03	Smartphone	Madurai Plaza	721.6	570.06	0.21	0
2024-02-03	Smartphone	Coimbatore Mall	663.33	656.7	0.01	0
2024-02-04	Headphones	Trichy Main	237.2	203.99	0.14	0
2024-02-04	Smartwatch	Chennai Central	326.1	306.53	0.06	0
2024-02-04	Laptop	Coimbatore Mall	1045.1	951.04	0.09	0
2024-02-04	Speaker	Salem Hub	242.13	196.13	0.19	0
2024-02-04	Mouse	Madurai Plaza	88.06	87.18	0.01	0
2024-02-05	Smartphone	Salem Hub	806.96	605.22	0.25	0
2024-02-05	Laptop	Bangalore Central	952.22	771.3	0.19	0
2024-02-05	Tablet	Coimbatore Mall	415.67	299.28	0.28	0
2024-02-05	Headphones	Bangalore Central	127.88	116.37	0.09	0
2024-02-06	Laptop	Madurai Plaza	815.73	799.42	0.02	0
2024-02-06	Printer	Salem Hub	368.03	334.91	0.09	0
2024-02-06	Smartphone	Trichy Main	834.67	834.67	0.0	1
2024-02-07	Smartwatch	Coimbatore Mall	306.41	239.0	0.22	0
2024-02-07	Printer	Coimbatore Mall	441.74	322.47	0.27	0
2024-02-08	Mouse	Chennai Central	79.89	56.72	0.29	0
2024-02-08	Laptop	Madurai Plaza	898.0	844.12	0.06	0
2024-02-08	Printer	Bangalore Central	347.69	285.11	0.18	0
2024-02-08	Smartphone	Bangalore Central	736.53	721.8	0.02	0
2024-02-08	Smartphone	Madurai Plaza	759.83	737.04	0.03	0
2024-02-08	Headphones	Chennai Central	175.4	164.88	0.06	0
2024-02-08	Laptop	Salem Hub	1150.19	839.64	0.27	0
2024-02-09	Printer	Coimbatore Mall	475.0	422.75	0.11	0
2024-02-10	Smartwatch	Bangalore Central	310.36	229.67	0.26	0
2024-02-10	Smartwatch	Coimbatore Mall	311.04	248.83	0.2	0
2024-02-10	Printer	Salem Hub	387.02	359.93	0.07	0
2024-02-11	Printer	Salem Hub	353.91	353.91	0.0	0
2024-02-11	Smartwatch	Chennai Central	276.99	263.14	0.05	0
2024-02-11	Smartwatch	Chennai Central	322.11	257.69	0.2	0
2024-02-12	Smartwatch	Salem Hub	268.61	263.24	0.02	0
2024-02-12	Printer	Trichy Main	471.09	329.76	0.3	1
2024-02-13	Monitor	Chennai Central	462.5	374.62	0.19	0
2024-02-13	Headphones	Madurai Plaza	180.86	173.63	0.04	0
2024-02-13	Speaker	Bangalore Central	256.15	194.67	0.24	0
2024-02-13	Tablet	Coimbatore Mall	780.61	655.71	0.16	0
2024-02-14	Speaker	Madurai Plaza	218.74	196.87	0.1	0
2024-02-15	Mouse	Bangalore Central	98.85	71.17	0.28	1
2024-02-15	Printer	Trichy Main	501.13	390.88	0.22	0
2024-02-15	Printer	Salem Hub	408.27	318.45	0.22	0
2024-02-16	Smartphone	Bangalore Central	901.59	685.21	0.24	0
2024-02-16	Laptop	Coimbatore Mall	1304.13	1199.8	0.08	1
2024-02-16	Keyboard	Trichy Main	150.72	125.1	0.17	0
2024-02-16	Laptop	Madurai Plaza	1252.17	951.65	0.24	0
2024-02-16	Speaker	Chennai Central	274.28	227.65	0.17	0
2024-02-17	Mouse	Trichy Main	110.61	81.85	0.26	0
2024-02-17	Keyboard	Chennai Central	135.96	110.13	0.19	0
2024-02-17	Keyboard	Madurai Plaza	197.21	173.54	0.12	0
2024-02-18	Smartwatch	Madurai Plaza	380.51	281.58	0.26	0
2024-02-18	Tablet	Bangalore Central	656.88	499.23	0.24	0
2024-02-19	Smartphone	Bangalore Central	1099.87	857.9	0.22	1
2024-02-20	Tablet	Salem Hub	656.5	603.98	0.08	0
2024-02-20	Keyboard	Trichy Main	117.7	108.28	0.08	0
2024-02-20	Mouse	Chennai Central	97.96	88.16	0.1	0
2024-02-20	Smartwatch	Chennai Central	254.37	239.11	0.06	0
2024-02-20	Smartwatch	Coimbatore Mall	301.48	295.45	0.02	0
2024-02-20	Printer	Bangalore Central	410.02	299.31	0.27	0
2024-02-21	Laptop	Bangalore Central	983.34	924.34	0.06	0
2024-02-21	Speaker	Salem Hub	340.02	265.22	0.22	0
2024-02-21	Tablet	Madurai Plaza	369.53	351.05	0.05	0
2024-02-22	Smartphone	Trichy Main	925.92	861.11	0.07	0
2024-02-22	Printer	Chennai Central	423.04	376.51	0.11	0
2024-02-22	Monitor	Coimbatore Mall	534.95	449.36	0.16	0
2024-02-22	Monitor	Chennai Central	594.35	433.88	0.27	0
2024-02-22	Tablet	Chennai Central	698.48	551.8	0.21	0
2024-02-22	Laptop	Salem Hub	1070.32	834.85	0.22	1
2024-02-22	Laptop	Bangalore Central	951.79	856.61	0.1	1
2024-02-23	Monitor	Madurai Plaza	590.8	519.9	0.12	0
2024-02-23	Tablet	Bangalore Central	774.98	674.23	0.13	0
2024-02-23	Tablet	Madurai Plaza	719.46	553.98	0.23	0
2024-02-23	Mouse	Bangalore Central	91.76	87.17	0.05	0
2024-02-23	Tablet	Chennai Central	703.51	569.84	0.19	0
2024-02-23	Mouse	Chennai Central	92.16	80.18	0.13	0
2024-02-23	Headphones	Bangalore Central	180.47	158.81	0.12	0
2024-02-24	Smartwatch	Madurai Plaza	279.93	209.95	0.25	1
2024-02-25	Headphones	Salem Hub	232.0	197.2	0.15	0
2024-02-25	Laptop	Coimbatore Mall	820.76	738.68	0.1	0
2024-02-26	Mouse	Coimbatore Mall	64.64	63.35	0.02	0
2024-02-27	Tablet	Salem Hub	700.05	518.04	0.26	0
2024-02-27	Monitor	Madurai Plaza	521.19	375.26	0.28	0
2024-02-27	Mouse	Trichy Main	86.38	78.61	0.09	0
2024-02-27	Keyboard	Chennai Central	186.14	173.11	0.07	0
2024-02-27	Smartphone	Chennai Central	965.4	849.55	0.12	0
2024-02-27	Keyboard	Chennai Central	152.75	129.84	0.15	0
2024-02-28	Tablet	Trichy Main	676.15	676.15	0.0	0
2024-02-29	Smartphone	Madurai Plaza	782.13	735.2	0.06	0
2024-02-29	Keyboard	Coimbatore Mall	177.67	133.25	0.25	1
2024-03-01	Speaker	Salem Hub	270.85	200.43	0.26	0
2024-03-01	Tablet	Trichy Main	492.38	448.07	0.09	0
2024-03-02	Printer	Salem Hub	480.72	346.12	0.28	0
2024-03-02	Mouse	Coimbatore Mall	94.04	84.64	0.1	0
2024-03-02	Smartphone	Salem Hub	900.08	819.07	0.09	0
2024-03-02	Speaker	Trichy Main	267.36	195.17	0.27	0
2024-03-03	Headphones	Trichy Main	213.66	181.61	0.15	0
2024-03-03	Laptop	Salem Hub	1395.85	1102.72	0.21	0
2024-03-03	Mouse	Salem Hub	93.13	84.75	0.09	0
2024-03-03	Keyboard	Bangalore Central	165.58	155.65	0.06	0
2024-03-05	Tablet	Madurai Plaza	595.06	547.46	0.08	0
2024-03-05	Monitor	Chennai Central	432.3	406.36	0.06	0
2024-03-05	Printer	Bangalore Central	391.2	371.64	0.05	0
2024-03-06	Printer	Salem Hub	399.97	355.97	0.11	0
2024-03-06	Headphones	Chennai Central	207.16	149.16	0.28	0
2024-03-07	Mouse	Madurai Plaza	95.52	69.73	0.27	0
2024-03-08	Mouse	Salem Hub	134.76	97.03	0.28	0
2024-03-08	Keyboard	Trichy Main	140.19	133.18	0.05	0
2024-03-09	Headphones	Coimbatore Mall	219.55	217.35	0.01	1
2024-03-09	Smartphone	Coimbatore Mall	753.08	692.83	0.08	0
2024-03-09	Laptop	Salem Hub	905.58	751.63	0.17	0
2024-03-09	Mouse	Coimbatore Mall	104.68	80.6	0.23	0
2024-03-10	Laptop	Madurai Plaza	1289.38	1018.61	0.21	0
2024-03-10	Smartphone	Madurai Plaza	828.48	629.64	0.24	0
2024-03-12	Smartphone	Madurai Plaza	816.1	758.97	0.07	0
2024-03-12	Mouse	Coimbatore Mall	80.06	76.86	0.04	0
2024-03-13	Laptop	Trichy Main	1067.17	800.38	0.25	0
2024-03-14	Smartphone	Chennai Central	749.97	727.47	0.03	1
2024-03-15	Printer	Madurai Plaza	370.72	289.16	0.22	0
2024-03-15	Mouse	Salem Hub	95.89	73.84	0.23	0
2024-03-15	Smartphone	Bangalore Central	981.29	706.53	0.28	1
2024-03-15	Printer	Chennai Central	397.74	294.33	0.26	0
2024-03-16	Smartwatch	Trichy Main	264.86	241.02	0.09	0
2024-03-16	Tablet	Chennai Central	680.92	490.26	0.28	0
2024-03-16	Laptop	Salem Hub	917.82	770.97	0.16	0
2024-03-18	Smartphone	Chennai Central	1004.58	884.03	0.12	0
2024-03-18	Tablet	Chennai Central	611.46	513.63	0.16	0
2024-03-18	Smartwatch	Trichy Main	241.1	185.65	0.23	0
2024-03-20	Smartwatch	Madurai Plaza	269.52	258.74	0.04	0
2024-03-21	Keyboard	Madurai Plaza	187.7	165.18	0.12	0
2024-03-21	Tablet	Trichy Main	677.46	589.39	0.13	1
2024-03-21	Laptop	Madurai Plaza	1101.5	1090.48	0.01	0
2024-03-21	Tablet	Salem Hub	604.73	501.93	0.17	0
2024-03-22	Mouse	Chennai Central	77.8	67.69	0.13	0
2024-03-23	Smartphone	Bangalore Central	937.58	750.06	0.2	0
2024-03-23	Keyboard	Trichy Main	146.78	124.76	0.15	0
2024-03-24	Monitor	Chennai Central	570.38	496.23	0.13	0
2024-03-25	Mouse	Chennai Central	81.45	75.75	0.07	0
2024-03-26	Keyboard	Chennai Central	181.59	141.64	0.22	0
2024-03-26	Speaker	Bangalore Central	256.62	202.73	0.21	0
2024-03-26	Headphones	Madurai Plaza	227.49	172.89	0.24	0
2024-03-28	Smartphone	Coimbatore Mall	970.75	796.02	0.18	0
2024-03-29	Laptop	Coimbatore Mall	896.65	762.15	0.15	0
2024-03-29	Mouse	Trichy Main	85.89	84.17	0.02	0
2024-03-30	Speaker	Chennai Central	257.03	233.9	0.09	0
2024-03-30	Keyboard	Chennai Central	165.51	135.72	0.18	0
2024-03-30	Keyboard	Salem Hub	142.06	122.17	0.14	0
2024-03-30	Tablet	Madurai Plaza	561.03	465.65	0.17	0
2024-03-31	Monitor	Trichy Main	404.87	311.75	0.23	0
2024-04-01	Speaker	Chennai Central	231.02	177.89	0.23	0
2024-04-01	Tablet	Trichy Main	743.97	528.22	0.29	0
2024-04-01	Headphones	Chennai Central	235.21	206.98	0.12	0
2024-04-01	Laptop	Salem Hub	1212.11	1066.66	0.12	0
2024-04-02	Printer	Bangalore Central	451.37	442.34	0.02	0
2024-04-02	Smartwatch	Trichy Main	288.32	282.55	0.02	0
2024-04-03	Headphones	Bangalore Central	242.08	198.51	0.18	0
2024-04-03	Smartwatch	Chennai Central	358.32	300.99	0.16	0
2024-04-04	Printer	Bangalore Central	362.07	293.28	0.19	0
2024-04-04	Monitor	Trichy Main	526.25	415.74	0.21	0
2024-04-04	Keyboard	Salem Hub	159.49	154.71	0.03	0
2024-04-04	Speaker	Madurai Plaza	355.11	319.6	0.1	0
2024-04-04	Mouse	Chennai Central	116.1	104.49	0.1	0
2024-04-05	Laptop	Trichy Main	1207.49	1098.82	0.09	0
2024-04-05	Printer	Chennai Central	398.19	314.57	0.21	0
2024-04-05	Smartwatch	Chennai Central	322.72	319.49	0.01	0
2024-04-05	Headphones	Trichy Main	231.73	173.8	0.25	0
2024-04-05	Keyboard	Salem Hub	158.63	152.28	0.04	0
2024-04-06	Laptop	Salem Hub	1219.18	1072.88	0.12	1
2024-04-06	Smartwatch	Chennai Central	254.24	251.7	0.01	0
2024-04-07	Keyboard	Bangalore Central	186.11	176.8	0.05	0
2024-04-07	Smartphone	Chennai Central	920.58	828.52	0.1	0
2024-04-07	Printer	Coimbatore Mall	420.21	382.39	0.09	0
2024-04-08	Keyboard	Bangalore Central	165.42	135.64	0.18	0
2024-04-08	Mouse	Trichy Main	108.5	96.56	0.11	0
2024-04-08	Laptop	Trichy Main	1220.32	1000.66	0.18	1
2024-04-08	Keyboard	Trichy Main	124.41	106.99	0.14	0
2024-04-08	Printer	Trichy Main	234.76	211.28	0.1	0
2024-04-08	Headphones	Bangalore Central	209.93	191.04	0.09	0
2024-04-08	Smartphone	Salem Hub	975.06	721.54	0.26	0
2024-04-08	Headphones	Salem Hub	198.49	180.63	0.09	0
2024-04-08	Mouse	Salem Hub	88.49	79.64	0.1	0
2024-04-09	Keyboard	Madurai Plaza	137.29	134.54	0.02	0
2024-04-09	Smartwatch	Salem Hub	241.35	197.91	0.18	0
2024-04-09	Headphones	Salem Hub	217.49	191.39	0.12	0
2024-04-09	Smartwatch	Trichy Main	374.37	363.14	0.03	0
2024-04-10	Headphones	Trichy Main	192.7	148.38	0.23	0
2024-04-10	Tablet	Trichy Main	679.79	530.24	0.22	0
2024-04-10	Laptop	Madurai Plaza	1253.47	1153.19	0.08	0
2024-04-10	Smartwatch	Salem Hub	316.15	297.18	0.06	1
2024-04-10	Monitor	Chennai Central	515.46	407.21	0.21	0
2024-04-12	Printer	Madurai Plaza	495.48	346.84	0.3	0
2024-04-12	Keyboard	Madurai Plaza	142.45	136.75	0.04	0
2024-04-12	Keyboard	Trichy Main	117.86	100.18	0.15	0
2024-04-12	Tablet	Madurai Plaza	546.05	442.3	0.19	0
2024-04-13	Tablet	Salem Hub	634.35	602.63	0.05	0
2024-04-13	Smartwatch	Chennai Central	340.54	326.92	0.04	0
2024-04-14	Speaker	Chennai Central	208.64	196.12	0.06	0
2024-04-14	Laptop	Salem Hub	993.44	963.64	0.03	0
2024-04-15	Tablet	Salem Hub	720.75	562.19	0.22	0
2024-04-15	Keyboard	Madurai Plaza	178.36	148.04	0.17	0
2024-04-15	Laptop	Trichy Main	1036.3	953.4	0.08	0
2024-04-16	Mouse	Coimbatore Mall	100.94	96.9	0.04	0
2024-04-16	Smartphone	Coimbatore Mall	1040.06	873.65	0.16	0
2024-04-17	Speaker	Chennai Central	195.96	174.4	0.11	0
2024-04-17	Printer	Coimbatore Mall	418.66	376.79	0.1	0
2024-04-18	Printer	Bangalore Central	299.92	242.94	0.19	0
2024-04-18	Keyboard	Bangalore Central	156.53	120.53	0.23	0
2024-04-20	Headphones	Trichy Main	216.88	216.88	0.0	0
2024-04-20	Headphones	Chennai Central	245.14	203.47	0.17	1
2024-04-20	Headphones	Salem Hub	215.11	206.51	0.04	0
2024-04-20	Printer	Madurai Plaza	390.89	332.26	0.15	0
2024-04-20	Speaker	Coimbatore Mall	317.84	273.34	0.14	0
2024-04-21	Monitor	Coimbatore Mall	676.85	602.4	0.11	1
2024-04-21	Keyboard	Bangalore Central	170.57	155.22	0.09	0
2024-04-21	Laptop	Coimbatore Mall	1376.77	1032.58	0.25	0
2024-04-21	Laptop	Bangalore Central	890.96	650.4	0.27	0
2024-04-22	Mouse	Madurai Plaza	100.22	78.17	0.22	0
2024-04-22	Laptop	Bangalore Central	951.75	761.4	0.2	0
2024-04-22	Keyboard	Madurai Plaza	128.0	94.72	0.26	0
2024-04-22	Smartphone	Bangalore Central	728.84	583.07	0.2	0
2024-04-22	Mouse	Salem Hub	67.51	64.81	0.04	0
2024-04-22	Printer	Trichy Main	368.46	353.72	0.04	0
2024-04-22	Monitor	Coimbatore Mall	439.64	386.88	0.12	0
2024-04-23	Tablet	Madurai Plaza	617.87	463.4	0.25	0
2024-04-23	Monitor	Chennai Central	639.06	562.37	0.12	0
2024-04-24	Headphones	Trichy Main	222.76	178.21	0.2	0
2024-04-25	Smartwatch	Trichy Main	295.75	209.98	0.29	0
2024-04-25	Monitor	Coimbatore Mall	517.6	419.26	0.19	0
2024-04-25	Headphones	Madurai Plaza	189.37	189.37	0.0	0
2024-04-26	Printer	Salem Hub	462.28	457.66	0.01	1
2024-04-26	Speaker	Chennai Central	328.38	246.28	0.25	0
2024-04-27	Monitor	Madurai Plaza	390.0	374.4	0.04	0
2024-04-27	Keyboard	Bangalore Central	124.95	119.95	0.04	0
2024-04-27	Printer	Bangalore Central	452.03	316.42	0.3	0
2024-04-27	Keyboard	Coimbatore Mall	152.16	144.55	0.05	0
2024-04-28	Smartwatch	Salem Hub	284.46	261.7	0.08	0
2024-04-28	Tablet	Chennai Central	541.29	535.88	0.01	0
2024-04-29	Smartwatch	Bangalore Central	270.22	237.79	0.12	0
2024-04-29	Smartphone	Salem Hub	1137.34	864.38	0.24	0
2024-04-30	Keyboard	Salem Hub	144.01	110.89	0.23	0
2024-04-30	Tablet	Madurai Plaza	532.95	495.64	0.07	0
2024-05-01	Monitor	Trichy Main	526.27	378.91	0.28	0
2024-05-01	Tablet	Trichy Main	1033.26	733.61	0.29	0
2024-05-01	Tablet	Chennai Central	589.75	513.08	0.13	0
2024-05-01	Speaker	Trichy Main	226.2	171.91	0.24	0
2024-05-01	Speaker	Coimbatore Mall	309.15	284.42	0.08	1
2024-05-01	Smartphone	Chennai Central	819.44	786.66	0.04	0
2024-05-02	Speaker	Chennai Central	296.11	254.65	0.14	0
2024-05-03	Keyboard	Bangalore Central	174.67	131.0	0.25	0
2024-05-03	Smartwatch	Salem Hub	203.99	163.19	0.2	0
2024-05-04	Printer	Salem Hub	394.73	374.99	0.05	0
2024-05-05	Monitor	Bangalore Central	595.87	482.65	0.19	1
2024-05-05	Smartwatch	Chennai Central	396.91	325.47	0.18	0
2024-05-05	Keyboard	Madurai Plaza	168.85	124.95	0.26	0
2024-05-05	Laptop	Madurai Plaza	1258.28	981.46	0.22	0
2024-05-05	Headphones	Trichy Main	213.99	175.47	0.18	0
2024-05-05	Headphones	Coimbatore Mall	224.3	186.17	0.17	0
2024-05-06	Speaker	Salem Hub	366.87	304.5	0.17	0
2024-05-06	Mouse	Madurai Plaza	80.47	68.4	0.15	0
2024-05-06	Monitor	Coimbatore Mall	770.7	670.51	0.13	1
2024-05-07	Headphones	Coimbatore Mall	159.88	150.29	0.06	0
2024-05-07	Tablet	Coimbatore Mall	745.36	588.83	0.21	0
2024-05-07	Monitor	Bangalore Central	716.36	580.25	0.19	1
2024-05-07	Smartphone	Madurai Plaza	847.72	703.61	0.17	0
2024-05-08	Headphones	Coimbatore Mall	220.64	158.86	0.28	0
2024-05-08	Mouse	Chennai Central	115.19	82.94	0.28	0
2024-05-08	Tablet	Salem Hub	1126.72	833.77	0.26	1
2024-05-09	Smartphone	Trichy Main	886.12	762.06	0.14	1
2024-05-09	Smartphone	Madurai Plaza	974.0	905.82	0.07	1
2024-05-10	Keyboard	Bangalore Central	152.54	109.83	0.28	0
2024-05-10	Printer	Bangalore Central	241.67	227.17	0.06	0
2024-05-10	Tablet	Coimbatore Mall	573.33	435.73	0.24	0
2024-05-10	Mouse	Chennai Central	68.79	66.04	0.04	0
2024-05-11	Smartphone	Salem Hub	1017.98	753.31	0.26	0
2024-05-12	Smartwatch	Bangalore Central	395.61	284.84	0.28	0
2024-05-12	Monitor	Trichy Main	518.29	378.35	0.27	0
2024-05-12	Keyboard	Chennai Central	157.0	119.32	0.24	1
2024-05-12	Printer	Chennai Central	279.46	262.69	0.06	0
2024-05-12	Smartphone	Bangalore Central	1051.46	757.05	0.28	0
2024-05-13	Keyboard	Madurai Plaza	181.84	140.02	0.23	1
2024-05-13	Smartwatch	Trichy Main	335.77	255.19	0.24	1
2024-05-13	Tablet	Chennai Central	631.57	562.1	0.11	0
2024-05-14	Speaker	Madurai Plaza	288.44	204.79	0.29	0
2024-05-14	Printer	Bangalore Central	323.76	314.05	0.03	0
2024-05-14	Headphones	Madurai Plaza	253.95	226.02	0.11	0
2024-05-15	Speaker	Trichy Main	322.27	264.26	0.18	1
2024-05-15	Tablet	Coimbatore Mall	644.84	599.7	0.07	0
2024-05-15	Smartwatch	Salem Hub	289.23	228.49	0.21	0
2024-05-16	Laptop	Madurai Plaza	1407.41	1069.63	0.24	1
2024-05-16	Laptop	Coimbatore Mall	666.76	600.08	0.1	0
2024-05-17	Mouse	Salem Hub	119.1	103.62	0.13	0
2024-05-18	Smartphone	Chennai Central	903.03	650.18	0.28	0
2024-05-18	Laptop	Madurai Plaza	939.05	854.54	0.09	0
2024-05-19	Headphones	Madurai Plaza	213.87	194.62	0.09	0
2024-05-19	Smartwatch	Madurai Plaza	268.63	257.88	0.04	0
2024-05-20	Headphones	Coimbatore Mall	220.95	161.29	0.27	0
2024-05-20	Laptop	Coimbatore Mall	1419.35	1050.32	0.26	0
2024-05-21	Smartwatch	Trichy Main	234.13	199.01	0.15	0
2024-05-21	Keyboard	Salem Hub	141.38	125.83	0.11	0
2024-05-22	Tablet	Bangalore Central	708.06	644.33	0.09	1
2024-05-22	Laptop	Salem Hub	1487.28	1085.71	0.27	0
2024-05-22	Laptop	Salem Hub	889.95	756.46	0.15	0
2024-05-23	Mouse	Bangalore Central	88.06	73.09	0.17	0
2024-05-23	Speaker	Coimbatore Mall	249.11	209.25	0.16	0
2024-05-23	Mouse	Bangalore Central	88.35	69.8	0.21	0
2024-05-23	Tablet	Bangalore Central	679.4	679.4	0.0	0
2024-05-23	Speaker	Bangalore Central	302.89	272.6	0.1	0
2024-05-23	Smartphone	Salem Hub	722.61	650.35	0.1	0
2024-05-23	Mouse	Chennai Central	76.54	70.42	0.08	0
2024-05-24	Mouse	Trichy Main	111.34	106.89	0.04	0
2024-05-24	Monitor	Bangalore Central	584.05	578.21	0.01	1
2024-05-24	Laptop	Coimbatore Mall	954.31	830.25	0.13	0
2024-05-24	Smartphone	Salem Hub	835.67	760.46	0.09	0
2024-05-24	Monitor	Bangalore Central	350.54	326.0	0.07	0
2024-05-25	Speaker	Coimbatore Mall	203.36	180.99	0.11	1
2024-05-25	Monitor	Madurai Plaza	513.7	513.7	0.0	0
2024-05-25	Laptop	Bangalore Central	1252.9	1165.2	0.07	1
2024-05-26	Tablet	Bangalore Central	410.16	328.13	0.2	0
2024-05-26	Speaker	Trichy Main	219.98	211.18	0.04	0
2024-05-26	Laptop	Madurai Plaza	1102.95	849.27	0.23	1
2024-05-26	Tablet	Salem Hub	523.54	455.48	0.13	0
2024-05-26	Tablet	Madurai Plaza	518.78	492.84	0.05	0
2024-05-26	Keyboard	Madurai Plaza	140.43	110.94	0.21	0
2024-05-27	Tablet	Trichy Main	827.38	661.9	0.2	1
2024-05-27	Monitor	Madurai Plaza	345.93	325.17	0.06	0
2024-05-27	Speaker	Bangalore Central	200.02	186.02	0.07	0
2024-05-28	Mouse	Madurai Plaza	111.36	92.43	0.17	1
2024-05-29	Keyboard	Salem Hub	174.94	150.45	0.14	0
2024-05-29	Speaker	Bangalore Central	242.95	233.23	0.04	0
2024-05-29	Laptop	Madurai Plaza	943.36	867.89	0.08	0
2024-05-30	Monitor	Madurai Plaza	479.25	383.4	0.2	0
2024-05-30	Laptop	Chennai Central	911.97	829.89	0.09	0
2024-05-30	Printer	Chennai Central	329.37	270.08	0.18	0
2024-05-30	Smartphone	Chennai Central	771.77	740.9	0.04	0
2024-05-30	Mouse	Coimbatore Mall	83.1	78.11	0.06	1
2024-05-31	Smartphone	Madurai Plaza	1062.3	860.46	0.19	0
2024-05-31	Laptop	Bangalore Central	1178.28	871.93	0.26	1
2024-05-31	Printer	Chennai Central	379.45	375.66	0.01	0
2024-05-31	Smartwatch	Trichy Main	266.24	263.58	0.01	0
2024-05-31	Headphones	Salem Hub	248.91	189.17	0.24	0
2024-05-31	Keyboard	Trichy Main	144.02	126.74	0.12	0
2024-06-01	Laptop	Coimbatore Mall	1116.68	904.51	0.19	0
2024-06-01	Smartwatch	Trichy Main	325.88	316.1	0.03	0
2024-06-02	Keyboard	Madurai Plaza	177.68	131.48	0.26	0
2024-06-02	Mouse	Chennai Central	83.31	58.32	0.3	0
2024-06-02	Speaker	Salem Hub	291.49	212.79	0.27	1
2024-06-03	Headphones	Madurai Plaza	292.73	222.47	0.24	1
2024-06-03	Mouse	Salem Hub	82.21	77.28	0.06	0
2024-06-04	Headphones	Bangalore Central	207.99	166.39	0.2	0
2024-06-05	Speaker	Salem Hub	235.87	188.7	0.2	0
2024-06-06	Keyboard	Coimbatore Mall	176.89	146.82	0.17	0
2024-06-06	Printer	Salem Hub	371.23	293.27	0.21	0
2024-06-06	Smartphone	Bangalore Central	949.69	930.7	0.02	1
2024-06-08	Headphones	Bangalore Central	188.74	186.85	0.01	0
2024-06-08	Printer	Madurai Plaza	309.71	238.48	0.23	0
2024-06-08	Smartphone	Madurai Plaza	691.24	684.33	0.01	0
2024-06-08	Laptop	Madurai Plaza	877.36	710.66	0.19	0
2024-06-08	Mouse	Madurai Plaza	109.4	87.52	0.2	0
2024-06-08	Smartwatch	Bangalore Central	294.72	256.41	0.13	0
2024-06-08	Laptop	Madurai Plaza	1151.99	1059.83	0.08	0
2024-06-09	Speaker	Trichy Main	245.52	186.6	0.24	0
2024-06-09	Printer	Chennai Central	436.1	370.68	0.15	0
2024-06-09	Smartwatch	Bangalore Central	386.87	379.13	0.02	1
2024-06-09	Smartwatch	Trichy Main	443.66	337.18	0.24	1
2024-06-10	Headphones	Bangalore Central	287.14	249.81	0.13	1
2024-06-10	Keyboard	Madurai Plaza	140.36	126.32	0.1	0
2024-06-11	Smartphone	Trichy Main	848.67	628.02	0.26	0
2024-06-11	Smartwatch	Madurai Plaza	285.4	245.44	0.14	0
2024-06-11	Headphones	Chennai Central	204.96	190.61	0.07	0
2024-06-11	Tablet	Coimbatore Mall	695.0	493.45	0.29	0
2024-06-12	Tablet	Coimbatore Mall	613.44	533.69	0.13	1
2024-06-12	Mouse	Madurai Plaza	120.66	86.88	0.28	0
2024-06-12	Printer	Coimbatore Mall	416.29	303.89	0.27	0
2024-06-13	Smartphone	Madurai Plaza	860.48	834.67	0.03	0
2024-06-13	Tablet	Trichy Main	491.69	383.52	0.22	0
2024-06-13	Speaker	Madurai Plaza	249.52	237.04	0.05	0
2024-06-14	Speaker	Trichy Main	299.82	224.86	0.25	0
2024-06-15	Printer	Bangalore Central	341.29	307.16	0.1	0
2024-06-15	Laptop	Salem Hub	1133.57	1042.88	0.08	0
2024-06-16	Printer	Trichy Main	374.18	280.64	0.25	0
2024-06-16	Speaker	Madurai Plaza	215.13	159.2	0.26	0
2024-06-17	Laptop	Trichy Main	982.76	707.59	0.28	0
2024-06-18	Laptop	Trichy Main	921.52	681.92	0.26	0
2024-06-18	Smartwatch	Bangalore Central	287.16	284.29	0.01	0
2024-06-18	Smartphone	Trichy Main	669.41	522.14	0.22	0
2024-06-18	Laptop	Madurai Plaza	1191.75	858.06	0.28	0
2024-06-18	Printer	Trichy Main	342.48	297.96	0.13	0
2024-06-18	Laptop	Chennai Central	984.94	935.69	0.05	1
2024-06-19	Monitor	Chennai Central	478.96	335.27	0.3	0
2024-06-20	Keyboard	Bangalore Central	148.83	114.6	0.23	0
2024-06-20	Tablet	Bangalore Central	629.57	472.18	0.25	0
2024-06-20	Printer	Chennai Central	433.67	338.26	0.22	0
2024-06-20	Monitor	Salem Hub	528.43	396.32	0.25	0
2024-06-21	Smartphone	Salem Hub	739.62	717.43	0.03	0
2024-06-21	Printer	Bangalore Central	312.79	290.89	0.07	0
2024-06-21	Monitor	Chennai Central	487.24	458.01	0.06	0
2024-06-21	Tablet	Bangalore Central	618.35	575.07	0.07	1
2024-06-21	Monitor	Chennai Central	717.63	552.58	0.23	1
2024-06-21	Monitor	Coimbatore Mall	486.41	408.58	0.16	0
2024-06-22	Smartphone	Coimbatore Mall	1062.24	871.04	0.18	0
2024-06-22	Mouse	Coimbatore Mall	87.81	79.03	0.1	0
2024-06-23	Printer	Salem Hub	411.9	321.28	0.22	0
2024-06-24	Speaker	Bangalore Central	269.08	217.95	0.19	0
2024-06-24	Laptop	Madurai Plaza	1013.85	729.97	0.28	0
2024-06-25	Monitor	Chennai Central	272.67	264.49	0.03	0
2024-06-25	Laptop	Trichy Main	860.81	783.34	0.09	0
2024-06-25	Printer	Coimbatore Mall	344.76	313.73	0.09	0
2024-06-25	Monitor	Trichy Main	579.61	434.71	0.25	0
2024-06-26	Keyboard	Chennai Central	149.78	121.32	0.19	0
2024-06-26	Keyboard	Coimbatore Mall	156.22	140.6	0.1	1
2024-06-27	Monitor	Chennai Central	352.22	324.04	0.08	0
2024-06-27	Mouse	Bangalore Central	71.09	61.14	0.14	0
2024-06-28	Mouse	Madurai Plaza	76.56	75.79	0.01	0
2024-06-28	Laptop	Bangalore Central	1157.87	879.98	0.24	0
2024-06-28	Mouse	Salem Hub	80.5	75.67	0.06	0
2024-06-28	Monitor	Chennai Central	648.73	512.5	0.21	0
2024-06-28	Smartwatch	Salem Hub	259.57	246.59	0.05	0
2024-06-29	Smartphone	Coimbatore Mall	741.69	689.77	0.07	0
2024-06-29	Printer	Madurai Plaza	344.22	316.68	0.08	0
2024-06-30	Monitor	Coimbatore Mall	633.5	620.83	0.02	1
2024-07-01	Printer	Salem Hub	404.98	332.08	0.18	0
2024-07-01	Headphones	Chennai Central	214.01	181.91	0.15	0
2024-07-02	Tablet	Chennai Central	665.56	618.97	0.07	0
2024-07-02	Speaker	Madurai Plaza	230.25	172.69	0.25	0
2024-07-02	Headphones	Trichy Main	171.23	171.23	0.0	0
2024-07-03	Smartphone	Coimbatore Mall	722.11	599.35	0.17	0
2024-07-04	Headphones	Madurai Plaza	235.01	188.01	0.2	0
2024-07-04	Laptop	Trichy Main	814.45	610.84	0.25	0
2024-07-04	Speaker	Salem Hub	262.19	238.59	0.09	0
2024-07-05	Smartwatch	Madurai Plaza	291.61	227.46	0.22	0
2024-07-05	Speaker	Salem Hub	280.71	269.48	0.04	0
2024-07-05	Laptop	Salem Hub	1025.65	841.03	0.18	0
2024-07-05	Tablet	Madurai Plaza	641.77	519.83	0.19	0
2024-07-05	Monitor	Coimbatore Mall	446.7	388.63	0.13	0
2024-07-06	Tablet	Chennai Central	753.25	640.26	0.15	0
2024-07-06	Speaker	Bangalore Central	261.97	201.72	0.23	0
2024-07-06	Mouse	Coimbatore Mall	80.81	70.3	0.13	0
2024-07-07	Printer	Chennai Central	357.03	292.76	0.18	0
2024-07-07	Speaker	Bangalore Central	338.31	257.12	0.24	1
2024-07-08	Mouse	Trichy Main	114.45	91.56	0.2	0
2024-07-08	Headphones	Madurai Plaza	185.67	174.53	0.06	0
2024-07-08	Speaker	Chennai Central	171.9	139.24	0.19	0
2024-07-08	Headphones	Madurai Plaza	188.41	175.22	0.07	0
2024-07-08	Monitor	Madurai Plaza	371.16	311.77	0.16	0
2024-07-08	Mouse	Salem Hub	81.17	74.68	0.08	1
2024-07-09	Monitor	Chennai Central	424.75	322.81	0.24	0
2024-07-09	Headphones	Bangalore Central	206.59	163.21	0.21	1
2024-07-09	Laptop	Madurai Plaza	1003.0	872.61	0.13	0
2024-07-10	Smartwatch	Coimbatore Mall	340.07	285.66	0.16	0
2024-07-10	Tablet	Madurai Plaza	640.57	621.35	0.03	0
2024-07-10	Monitor	Chennai Central	449.62	413.65	0.08	0
2024-07-10	Smartphone	Madurai Plaza	889.3	738.12	0.17	1
2024-07-10	Printer	Chennai Central	308.28	237.38	0.23	0
2024-07-10	Monitor	Bangalore Central	406.14	288.36	0.29	0
2024-07-10	Smartwatch	Coimbatore Mall	230.79	191.56	0.17	0
2024-07-12	Keyboard	Madurai Plaza	112.23	97.64	0.13	0
2024-07-12	Monitor	Coimbatore Mall	498.79	374.09	0.25	0
2024-07-12	Mouse	Madurai Plaza	111.5	89.2	0.2	0
2024-07-13	Monitor	Chennai Central	429.26	394.92	0.08	0
2024-07-13	Smartphone	Salem Hub	875.45	849.19	0.03	0
2024-07-13	Monitor	Chennai Central	545.61	392.84	0.28	0
2024-07-14	Speaker	Salem Hub	249.83	199.86	0.2	0
2024-07-14	Laptop	Trichy Main	970.31	805.36	0.17	1
2024-07-15	Keyboard	Chennai Central	103.45	91.04	0.12	0
2024-07-15	Smartphone	Salem Hub	911.1	646.88	0.29	0
2024-07-16	Smartphone	Bangalore Central	858.33	798.25	0.07	0
2024-07-16	Mouse	Coimbatore Mall	94.29	75.43	0.2	0
2024-07-16	Smartphone	Chennai Central	526.99	426.86	0.19	0
2024-07-16	Laptop	Trichy Main	690.0	552.0	0.2	0
2024-07-17	Mouse	Salem Hub	82.81	64.59	0.22	0
2024-07-19	Mouse	Trichy Main	99.4	76.54	0.23	0
2024-07-19	Monitor	Madurai Plaza	525.4	415.07	0.21	0
2024-07-19	Printer	Madurai Plaza	437.21	319.16	0.27	0
2024-07-20	Tablet	Trichy Main	614.9	541.11	0.12	0
2024-07-20	Speaker	Bangalore Central	284.4	218.99	0.23	0
2024-07-20	Speaker	Madurai Plaza	281.19	272.75	0.03	0
2024-07-20	Laptop	Coimbatore Mall	1017.1	864.54	0.15	1
2024-07-21	Tablet	Madurai Plaza	640.24	492.98	0.23	0
2024-07-21	Monitor	Madurai Plaza	576.25	478.29	0.17	0
2024-07-21	Headphones	Trichy Main	207.37	151.38	0.27	0
2024-07-22	Mouse	Madurai Plaza	100.89	82.73	0.18	1
2024-07-23	Printer	Bangalore Central	334.42	244.13	0.27	0
2024-07-23	Printer	Coimbatore Mall	329.14	292.93	0.11	0
2024-07-24	Tablet	Trichy Main	348.33	299.56	0.14	0
2024-07-24	Laptop	Trichy Main	876.03	753.39	0.14	0
2024-07-25	Laptop	Madurai Plaza	654.11	457.88	0.3	0
2024-07-25	Speaker	Salem Hub	281.96	205.83	0.27	0
2024-07-25	Monitor	Chennai Central	376.87	376.87	0.0	0
2024-07-26	Tablet	Chennai Central	513.33	441.46	0.14	0
2024-07-26	Laptop	Bangalore Central	1058.08	984.01	0.07	0
2024-07-26	Tablet	Coimbatore Mall	439.88	439.88	0.0	0
2024-07-30	Smartwatch	Madurai Plaza	250.68	203.05	0.19	0
2024-07-30	Smartphone	Bangalore Central	885.72	628.86	0.29	0
2024-07-30	Mouse	Madurai Plaza	76.29	60.27	0.21	0
2024-07-31	Smartwatch	Bangalore Central	372.54	294.31	0.21	0
2024-07-31	Printer	Bangalore Central	354.42	336.7	0.05	0
2024-08-01	Mouse	Madurai Plaza	80.22	61.77	0.23	0
2024-08-01	Printer	Chennai Central	383.41	368.07	0.04	1
2024-08-01	Smartwatch	Bangalore Central	291.91	207.26	0.29	1
2024-08-02	Smartwatch	Trichy Main	286.76	206.47	0.28	0
2024-08-02	Headphones	Trichy Main	189.52	157.3	0.17	0
2024-08-02	Smartphone	Bangalore Central	763.52	626.09	0.18	0
2024-08-02	Monitor	Bangalore Central	461.04	451.82	0.02	0
2024-08-02	Speaker	Salem Hub	308.8	228.51	0.26	0
2024-08-03	Laptop	Chennai Central	1153.27	980.28	0.15	1
2024-08-03	Speaker	Chennai Central	141.73	131.81	0.07	0
2024-08-04	Headphones	Chennai Central	162.18	134.61	0.17	0
2024-08-04	Smartphone	Coimbatore Mall	610.62	457.96	0.25	0
2024-08-04	Monitor	Coimbatore Mall	402.41	281.69	0.3	0
2024-08-04	Printer	Bangalore Central	362.22	264.42	0.27	0
2024-08-04	Mouse	Bangalore Central	82.42	62.64	0.24	0
2024-08-04	Smartphone	Madurai Plaza	823.94	733.31	0.11	0
2024-08-05	Printer	Salem Hub	336.58	259.17	0.23	0
2024-08-05	Headphones	Salem Hub	238.82	205.39	0.14	0
2024-08-05	Speaker	Coimbatore Mall	163.66	139.11	0.15	0
2024-08-05	Monitor	Bangalore Central	329.57	299.91	0.09	0
2024-08-05	Keyboard	Trichy Main	109.82	105.43	0.04	0
2024-08-07	Laptop	Salem Hub	909.87	718.8	0.21	0
2024-08-07	Headphones	Madurai Plaza	171.67	128.75	0.25	0
2024-08-07	Mouse	Madurai Plaza	83.66	67.76	0.19	1
2024-08-07	Laptop	Bangalore Central	921.32	654.14	0.29	0
2024-08-07	Laptop	Madurai Plaza	752.26	714.65	0.05	0
2024-08-07	Smartwatch	Coimbatore Mall	253.6	235.85	0.07	0
2024-08-07	Keyboard	Salem Hub	174.77	122.34	0.3	0
2024-08-08	Printer	Coimbatore Mall	381.73	355.01	0.07	0
2024-08-09	Speaker	Madurai Plaza	238.0	223.72	0.06	0
2024-08-09	Laptop	Coimbatore Mall	608.79	560.09	0.08	0
2024-08-09	Monitor	Coimbatore Mall	429.45	360.74	0.16	0
2024-08-10	Speaker	Coimbatore Mall	246.04	231.28	0.06	1
2024-08-10	Mouse	Salem Hub	85.08	69.77	0.18	0
2024-08-10	Smartphone	Chennai Central	761.22	730.77	0.04	0
2024-08-10	Headphones	Trichy Main	189.74	184.05	0.03	0
2024-08-10	Smartwatch	Trichy Main	215.7	176.87	0.18	0
2024-08-11	Printer	Salem Hub	284.09	238.64	0.16	0
2024-08-11	Smartphone	Madurai Plaza	900.42	756.35	0.16	0
2024-08-11	Tablet	Salem Hub	635.72	597.58	0.06	0
2024-08-11	Smartwatch	Coimbatore Mall	336.45	309.53	0.08	1
2024-08-12	Monitor	Chennai Central	660.83	482.41	0.27	1
2024-08-12	Smartphone	Salem Hub	788.66	725.57	0.08	0
2024-08-12	Mouse	Trichy Main	100.89	89.79	0.11	1
2024-08-12	Monitor	Chennai Central	421.95	341.78	0.19	0
2024-08-13	Monitor	Salem Hub	425.35	412.59	0.03	0
2024-08-13	Tablet	Trichy Main	505.96	384.53	0.24	0
2024-08-13	Monitor	Salem Hub	580.76	418.15	0.28	0
2024-08-14	Tablet	Trichy Main	631.12	612.19	0.03	0
2024-08-14	Smartwatch	Madurai Plaza	276.16	209.88	0.24	0
2024-08-14	Headphones	Chennai Central	168.56	124.73	0.26	0
2024-08-14	Speaker	Trichy Main	169.01	125.07	0.26	0
2024-08-14	Mouse	Salem Hub	104.82	91.19	0.13	0
2024-08-15	Monitor	Chennai Central	512.7	435.8	0.15	1
2024-08-15	Keyboard	Coimbatore Mall	86.15	76.67	0.11	0
2024-08-16	Speaker	Coimbatore Mall	228.59	192.02	0.16	0
2024-08-16	Smartphone	Chennai Central	692.63	505.62	0.27	0
2024-08-16	Keyboard	Bangalore Central	142.68	117.0	0.18	0
2024-08-16	Tablet	Trichy Main	567.36	556.01	0.02	0
2024-08-16	Tablet	Bangalore Central	470.22	409.09	0.13	0
2024-08-17	Monitor	Chennai Central	526.44	400.09	0.24	0
2024-08-17	Smartphone	Salem Hub	772.68	602.69	0.22	0
2024-08-18	Tablet	Chennai Central	524.44	440.53	0.16	0
2024-08-18	Smartwatch	Trichy Main	254.11	218.53	0.14	0
2024-08-18	Speaker	Trichy Main	331.09	254.94	0.23	1
2024-08-18	Keyboard	Trichy Main	105.32	74.78	0.29	0
2024-08-18	Speaker	Madurai Plaza	167.42	128.91	0.23	0
2024-08-20	Speaker	Trichy Main	215.57	170.3	0.21	0
2024-08-20	Smartwatch	Trichy Main	312.75	247.07	0.21	0
2024-08-20	Monitor	Bangalore Central	476.69	452.86	0.05	0
2024-08-20	Monitor	Trichy Main	484.62	441.0	0.09	0
2024-08-20	Monitor	Coimbatore Mall	235.83	221.68	0.06	0
2024-08-20	Smartwatch	Salem Hub	300.42	210.29	0.3	0
2024-08-20	Headphones	Bangalore Central	158.31	139.31	0.12	0
2024-08-20	Smartphone	Madurai Plaza	637.09	458.7	0.28	0
2024-08-21	Laptop	Coimbatore Mall	919.13	799.64	0.13	0
2024-08-22	Tablet	Chennai Central	538.27	419.85	0.22	1
2024-08-22	Speaker	Chennai Central	194.04	194.04	0.0	0
2024-08-23	Mouse	Coimbatore Mall	83.77	75.39	0.1	0
2024-08-23	Printer	Coimbatore Mall	411.72	288.2	0.3	1
2024-08-23	Printer	Coimbatore Mall	302.83	227.12	0.25	0
2024-08-24	Headphones	Bangalore Central	147.83	130.09	0.12	0
2024-08-24	Smartwatch	Chennai Central	309.1	284.37	0.08	0
2024-08-24	Printer	Bangalore Central	279.46	240.34	0.14	0
2024-08-25	Smartwatch	Coimbatore Mall	159.97	129.58	0.19	0
2024-08-25	Printer	Salem Hub	331.14	278.16	0.16	0
2024-08-25	Smartphone	Madurai Plaza	492.09	482.25	0.02	0
2024-08-26	Speaker	Trichy Main	207.95	160.12	0.23	0
2024-08-26	Speaker	Madurai Plaza	242.14	210.66	0.13	0
2024-08-26	Smartwatch	Madurai Plaza	311.97	280.77	0.1	0
2024-08-26	Monitor	Bangalore Central	462.68	365.52	0.21	0
2024-08-26	Mouse	Trichy Main	83.16	64.86	0.22	1
2024-08-27	Keyboard	Trichy Main	149.55	128.61	0.14	0
2024-08-27	Smartphone	Bangalore Central	817.2	653.76	0.2	0
2024-08-27	Smartphone	Madurai Plaza	543.2	456.29	0.16	0
2024-08-28	Smartwatch	Coimbatore Mall	232.69	221.06	0.05	0
2024-08-29	Monitor	Trichy Main	409.82	377.03	0.08	0
2024-08-29	Monitor	Trichy Main	592.56	432.57	0.27	0
2024-08-29	Mouse	Madurai Plaza	57.4	48.22	0.16	0
2024-08-29	Keyboard	Trichy Main	180.23	136.97	0.24	0
2024-08-30	Printer	Trichy Main	315.83	258.98	0.18	0
2024-08-30	Smartwatch	Bangalore Central	265.27	252.01	0.05	0
2024-08-31	Smartwatch	Chennai Central	251.61	236.51	0.06	0
2024-09-02	Headphones	Madurai Plaza	174.81	171.31	0.02	0
2024-09-02	Headphones	Trichy Main	187.83	135.24	0.28	0
2024-09-03	Keyboard	Bangalore Central	125.02	93.76	0.25	0
2024-09-03	Keyboard	Madurai Plaza	149.62	118.2	0.21	0
2024-09-03	Speaker	Salem Hub	172.86	145.2	0.16	0
2024-09-03	Monitor	Salem Hub	318.74	293.24	0.08	0
2024-09-03	Keyboard	Madurai Plaza	134.59	123.82	0.08	1
2024-09-03	Tablet	Madurai Plaza	685.37	562.0	0.18	0
2024-09-05	Mouse	Madurai Plaza	82.96	64.71	0.22	0
2024-09-05	Smartphone	Salem Hub	816.28	628.54	0.23	0
2024-09-05	Tablet	Bangalore Central	456.67	424.7	0.07	0
2024-09-05	Printer	Salem Hub	318.52	286.67	0.1	0
2024-09-06	Headphones	Salem Hub	202.17	151.63	0.25	0
2024-09-06	Mouse	Coimbatore Mall	74.36	67.67	0.09	0
2024-09-06	Printer	Bangalore Central	282.92	282.92	0.0	0
2024-09-07	Printer	Coimbatore Mall	265.69	247.09	0.07	0
2024-09-07	Smartphone	Bangalore Central	503.79	433.26	0.14	0
2024-09-08	Keyboard	Madurai Plaza	92.79	89.08	0.04	0
2024-09-08	Smartphone	Salem Hub	628.14	552.76	0.12	0
2024-09-08	Monitor	Coimbatore Mall	437.8	385.26	0.12	1
2024-09-08	Monitor	Bangalore Central	431.13	336.28	0.22	0
2024-09-08	Keyboard	Trichy Main	104.31	94.92	0.09	0
2024-09-08	Printer	Chennai Central	254.38	216.22	0.15	0
2024-09-08	Keyboard	Madurai Plaza	97.66	84.96	0.13	0
2024-09-09	Headphones	Trichy Main	188.5	164.0	0.13	0
2024-09-09	Mouse	Madurai Plaza	88.06	68.69	0.22	0
2024-09-09	Headphones	Bangalore Central	192.43	188.58	0.02	0
2024-09-09	Mouse	Coimbatore Mall	98.74	76.03	0.23	0
2024-09-09	Laptop	Coimbatore Mall	854.04	768.64	0.1	0
2024-09-09	Tablet	Coimbatore Mall	613.38	545.91	0.11	0
2024-09-10	Headphones	Coimbatore Mall	208.04	172.67	0.17	1
2024-09-10	Tablet	Salem Hub	448.96	439.98	0.02	0
2024-09-10	Smartwatch	Madurai Plaza	282.68	262.89	0.07	0
2024-09-11	Tablet	Chennai Central	484.05	343.68	0.29	0
2024-09-11	Laptop	Madurai Plaza	883.36	662.52	0.25	0
2024-09-11	Printer	Trichy Main	290.64	273.2	0.06	0
2024-09-12	Smartwatch	Salem Hub	259.79	189.65	0.27	0
2024-09-12	Smartwatch	Trichy Main	289.82	211.57	0.27	0
2024-09-13	Speaker	Bangalore Central	191.47	185.73	0.03	0
2024-09-13	Smartwatch	Bangalore Central	293.15	266.77	0.09	0
2024-09-13	Mouse	Chennai Central	68.43	56.11	0.18	0
2024-09-14	Mouse	Bangalore Central	75.33	64.78	0.14	0
2024-09-14	Mouse	Salem Hub	69.21	69.21	0.0	0
2024-09-15	Mouse	Bangalore Central	71.03	61.8	0.13	0
2024-09-15	Smartwatch	Salem Hub	326.45	257.9	0.21	0
2024-09-15	Speaker	Trichy Main	241.09	214.57	0.11	0
2024-09-15	Smartphone	Trichy Main	709.14	680.77	0.04	1
2024-09-15	Speaker	Madurai Plaza	140.19	140.19	0.0	0
2024-09-16	Keyboard	Bangalore Central	167.75	139.23	0.17	1
2024-09-16	Keyboard	Madurai Plaza	132.21	97.84	0.26	0
2024-09-17	Headphones	Madurai Plaza	185.66	180.09	0.03	0
2024-09-18	Speaker	Trichy Main	191.46	179.97	0.06	0
2024-09-18	Laptop	Salem Hub	723.75	673.09	0.07	0
2024-09-19	Smartphone	Madurai Plaza	863.01	716.3	0.17	0
2024-09-20	Laptop	Coimbatore Mall	913.44	858.63	0.06	0
2024-09-20	Keyboard	Trichy Main	156.7	112.82	0.28	1
2024-09-20	Speaker	Salem Hub	206.41	204.35	0.01	0
2024-09-20	Printer	Madurai Plaza	351.99	351.99	0.0	1
2024-09-20	Mouse	Coimbatore Mall	68.01	62.57	0.08	0
2024-09-20	Printer	Bangalore Central	325.42	289.62	0.11	0
2024-09-21	Smartphone	Madurai Plaza	864.4	605.08	0.3	0
2024-09-21	Tablet	Salem Hub	694.02	527.46	0.24	0
2024-09-23	Headphones	Coimbatore Mall	182.98	164.68	0.1	0
2024-09-23	Smartwatch	Coimbatore Mall	304.26	231.24	0.24	0
2024-09-24	Speaker	Bangalore Central	196.15	168.69	0.14	0
2024-09-24	Monitor	Trichy Main	604.63	447.43	0.26	1
2024-09-24	Keyboard	Madurai Plaza	121.9	99.96	0.18	0
2024-09-24	Monitor	Trichy Main	497.67	477.76	0.04	0
2024-09-24	Tablet	Bangalore Central	573.04	464.16	0.19	0
2024-09-25	Keyboard	Chennai Central	106.07	91.22	0.14	0
2024-09-26	Mouse	Salem Hub	55.78	43.51	0.22	0
2024-09-27	Laptop	Salem Hub	750.66	608.03	0.19	0
2024-09-27	Smartwatch	Salem Hub	213.27	149.29	0.3	0
2024-09-27	Monitor	Trichy Main	432.22	367.39	0.15	0
2024-09-27	Monitor	Coimbatore Mall	295.68	245.41	0.17	0
2024-09-28	Mouse	Salem Hub	86.41	81.23	0.06	1
2024-09-28	Monitor	Chennai Central	401.69	293.23	0.27	0
2024-09-29	Headphones	Trichy Main	163.06	127.19	0.22	0
2024-09-29	Headphones	Madurai Plaza	175.94	154.83	0.12	0
2024-09-29	Tablet	Trichy Main	518.28	414.62	0.2	0
2024-09-29	Smartphone	Bangalore Central	535.17	449.54	0.16	0
2024-09-30	Smartphone	Coimbatore Mall	750.22	547.66	0.27	0
2024-09-30	Laptop	Chennai Central	649.17	597.24	0.08	0
2024-10-01	Smartphone	Salem Hub	640.31	505.84	0.21	0
2024-10-01	Laptop	Madurai Plaza	696.75	689.78	0.01	0
2024-10-01	Laptop	Coimbatore Mall	857.24	711.51	0.17	0
2024-10-03	Speaker	Coimbatore Mall	155.13	153.58	0.01	0
2024-10-03	Laptop	Salem Hub	866.28	779.65	0.1	0
2024-10-03	Laptop	Salem Hub	950.94	808.3	0.15	0
2024-10-03	Printer	Chennai Central	264.15	235.09	0.11	0
2024-10-03	Smartphone	Trichy Main	761.52	746.29	0.02	1
2024-10-03	Headphones	Bangalore Central	218.17	174.54	0.2	1
2024-10-04	Speaker	Coimbatore Mall	226.09	201.22	0.11	0
2024-10-05	Speaker	Bangalore Central	223.13	198.59	0.11	0
2024-10-05	Laptop	Trichy Main	976.0	761.28	0.22	0
2024-10-06	Smartwatch	Coimbatore Mall	307.74	221.57	0.28	0
2024-10-06	Speaker	Coimbatore Mall	222.36	206.79	0.07	0
2024-10-06	Laptop	Salem Hub	561.62	432.45	0.23	0
2024-10-06	Headphones	Trichy Main	114.54	95.07	0.17	0
2024-10-06	Monitor	Madurai Plaza	500.88	435.77	0.13	0
2024-10-07	Keyboard	Coimbatore Mall	143.03	112.99	0.21	1
2024-10-07	Speaker	Bangalore Central	247.67	222.9	0.1	0
2024-10-08	Printer	Coimbatore Mall	285.4	234.03	0.18	0
2024-10-08	Monitor	Madurai Plaza	378.55	363.41	0.04	0
2024-10-08	Speaker	Coimbatore Mall	185.82	170.95	0.08	0
2024-10-09	Mouse	Salem Hub	56.19	47.76	0.15	0
2024-10-09	Printer	Trichy Main	374.43	318.27	0.15	1
2024-10-09	Printer	Madurai Plaza	456.51	365.21	0.2	0
2024-10-09	Laptop	Bangalore Central	881.91	784.9	0.11	0
2024-10-09	Headphones	Salem Hub	124.63	103.44	0.17	0
2024-10-10	Printer	Madurai Plaza	314.99	299.24	0.05	0
2024-10-10	Headphones	Madurai Plaza	228.04	171.03	0.25	0
2024-10-10	Mouse	Coimbatore Mall	52.44	37.76	0.28	0
2024-10-10	Headphones	Trichy Main	172.19	153.25	0.11	0
2024-10-11	Tablet	Chennai Central	512.07	460.86	0.1	0
2024-10-11	Speaker	Chennai Central	179.67	168.89	0.06	0
2024-10-11	Printer	Salem Hub	323.91	249.41	0.23	0
2024-10-12	Smartwatch	Bangalore Central	305.58	244.46	0.2	0
2024-10-12	Laptop	Trichy Main	785.5	659.82	0.16	0
2024-10-12	Keyboard	Bangalore Central	91.5	88.76	0.03	1
2024-10-12	Monitor	Madurai Plaza	399.52	391.53	0.02	0
2024-10-12	Laptop	Madurai Plaza	896.18	707.98	0.21	0
2024-10-14	Printer	Madurai Plaza	228.52	171.39	0.25	0
2024-10-14	Smartwatch	Madurai Plaza	293.37	234.7	0.2	1
2024-10-14	Tablet	Salem Hub	659.91	508.13	0.23	0
2024-10-15	Headphones	Salem Hub	125.2	106.42	0.15	0
2024-10-15	Keyboard	Bangalore Central	139.22	122.51	0.12	0
2024-10-15	Smartphone	Bangalore Central	596.54	447.4	0.25	0
2024-10-15	Mouse	Bangalore Central	91.17	66.55	0.27	0
2024-10-15	Headphones	Coimbatore Mall	180.47	160.62	0.11	1
2024-10-16	Speaker	Madurai Plaza	223.9	205.99	0.08	0
2024-10-16	Printer	Bangalore Central	360.38	259.47	0.28	1
2024-10-18	Headphones	Chennai Central	131.99	110.87	0.16	0
2024-10-18	Speaker	Madurai Plaza	227.89	191.43	0.16	0
2024-10-19	Laptop	Madurai Plaza	732.13	593.03	0.19	0
2024-10-19	Mouse	Trichy Main	59.85	47.28	0.21	0
2024-10-20	Smartphone	Bangalore Central	809.18	614.98	0.24	0
2024-10-20	Keyboard	Coimbatore Mall	117.06	112.38	0.04	0
2024-10-20	Keyboard	Chennai Central	109.75	79.02	0.28	0
2024-10-20	Smartphone	Trichy Main	731.9	570.88	0.22	1
2024-10-21	Laptop	Bangalore Central	983.34	727.67	0.26	0
2024-10-22	Monitor	Madurai Plaza	400.72	364.66	0.09	0
2024-10-24	Smartwatch	Bangalore Central	230.18	230.18	0.0	0
2024-10-25	Tablet	Madurai Plaza	548.87	472.03	0.14	0
2024-10-26	Smartphone	Madurai Plaza	608.43	517.17	0.15	0
2024-10-26	Smartphone	Madurai Plaza	548.51	537.54	0.02	0
2024-10-27	Monitor	Trichy Main	563.61	535.43	0.05	0
2024-10-27	Headphones	Trichy Main	177.93	172.59	0.03	0
2024-10-27	Monitor	Madurai Plaza	330.29	254.32	0.23	0
2024-10-28	Speaker	Salem Hub	208.85	171.26	0.18	0
2024-10-28	Tablet	Trichy Main	488.89	420.45	0.14	0
2024-10-29	Tablet	Chennai Central	386.38	378.65	0.02	0
2024-10-29	Laptop	Trichy Main	704.22	492.95	0.3	0
2024-10-29	Smartphone	Chennai Central	640.09	556.88	0.13	0
2024-10-29	Printer	Bangalore Central	256.7	254.13	0.01	0
2024-10-30	Keyboard	Madurai Plaza	132.84	98.3	0.26	0
2024-10-30	Smartphone	Salem Hub	699.55	594.62	0.15	0
2024-10-30	Headphones	Trichy Main	152.54	146.44	0.04	0
2024-10-30	Speaker	Madurai Plaza	178.37	153.4	0.14	0
2024-10-30	Tablet	Madurai Plaza	509.8	509.8	0.0	0
2024-10-31	Mouse	Salem Hub	87.2	87.2	0.0	0
2024-10-31	Smartphone	Coimbatore Mall	648.12	486.09	0.25	0
2024-11-01	Monitor	Bangalore Central	334.63	271.05	0.19	0
2024-11-01	Printer	Salem Hub	272.23	264.06	0.03	1
2024-11-01	Monitor	Coimbatore Mall	453.68	358.41	0.21	0
2024-11-02	Smartwatch	Trichy Main	227.93	186.9	0.18	0
2024-11-02	Speaker	Coimbatore Mall	240.93	195.15	0.19	0
2024-11-03	Smartphone	Trichy Main	836.91	636.05	0.24	0
2024-11-03	Printer	Coimbatore Mall	366.98	359.64	0.02	1
2024-11-03	Monitor	Trichy Main	345.55	345.55	0.0	0
2024-11-04	Printer	Salem Hub	221.59	175.06	0.21	0
2024-11-05	Tablet	Trichy Main	571.52	480.08	0.16	0
2024-11-05	Laptop	Trichy Main	698.3	593.55	0.15	0
2024-11-06	Laptop	Trichy Main	864.72	760.95	0.12	0
2024-11-06	Smartwatch	Madurai Plaza	229.68	165.37	0.28	0
2024-11-06	Speaker	Salem Hub	185.73	183.87	0.01	0
2024-11-07	Printer	Salem Hub	265.43	222.96	0.16	0
2024-11-07	Tablet	Chennai Central	698.63	530.96	0.24	0
2024-11-07	Headphones	Madurai Plaza	191.95	167.0	0.13	0
2024-11-08	Monitor	Trichy Main	439.98	382.78	0.13	0
2024-11-08	Laptop	Madurai Plaza	839.64	789.26	0.06	0
2024-11-09	Laptop	Trichy Main	896.95	690.65	0.23	0
2024-11-09	Smartphone	Salem Hub	824.17	593.4	0.28	0
2024-11-09	Speaker	Bangalore Central	254.73	188.5	0.26	0
2024-11-10	Headphones	Trichy Main	213.21	179.1	0.16	0
2024-11-10	Smartphone	Coimbatore Mall	816.92	702.55	0.14	0
2024-11-10	Smartphone	Madurai Plaza	914.46	640.12	0.3	1
2024-11-11	Mouse	Coimbatore Mall	79.96	75.96	0.05	1
2024-11-11	Printer	Coimbatore Mall	332.08	268.98	0.19	0
2024-11-11	Mouse	Bangalore Central	91.85	68.89	0.25	0
2024-11-12	Keyboard	Salem Hub	165.94	122.8	0.26	0
2024-11-12	Tablet	Salem Hub	415.01	385.96	0.07	0
2024-11-12	Keyboard	Bangalore Central	111.55	94.82	0.15	0
2024-11-12	Monitor	Salem Hub	460.21	395.78	0.14	0
2024-11-13	Laptop	Salem Hub	818.1	638.12	0.22	0
2024-11-13	Keyboard	Chennai Central	113.43	96.42	0.15	0
2024-11-13	Monitor	Bangalore Central	296.14	260.6	0.12	0
2024-11-13	Mouse	Trichy Main	85.03	69.72	0.18	1
2024-11-14	Keyboard	Trichy Main	106.94	102.66	0.04	0
2024-11-14	Headphones	Coimbatore Mall	198.37	192.42	0.03	0
2024-11-15	Smartwatch	Coimbatore Mall	232.53	183.7	0.21	1
2024-11-15	Tablet	Bangalore Central	612.11	550.9	0.1	1
2024-11-15	Smartwatch	Madurai Plaza	235.89	179.28	0.24	0
2024-11-16	Smartphone	Madurai Plaza	813.61	724.11	0.11	0
2024-11-16	Speaker	Salem Hub	254.58	190.94	0.25	0
2024-11-17	Smartwatch	Coimbatore Mall	412.97	301.47	0.27	1
2024-11-17	Printer	Chennai Central	376.3	278.46	0.26	1
2024-11-18	Smartphone	Bangalore Central	916.79	705.93	0.23	0
2024-11-18	Smartwatch	Salem Hub	268.3	217.32	0.19	0
2024-11-18	Mouse	Chennai Central	83.05	79.73	0.04	0
2024-11-19	Tablet	Coimbatore Mall	494.51	430.22	0.13	0
2024-11-19	Keyboard	Salem Hub	113.14	110.88	0.02	0
2024-11-20	Smartphone	Salem Hub	847.35	610.09	0.28	0
2024-11-20	Headphones	Chennai Central	157.58	121.34	0.23	0
2024-11-20	Keyboard	Madurai Plaza	118.87	92.72	0.22	0
2024-11-21	Printer	Trichy Main	273.39	246.05	0.1	0
2024-11-21	Smartwatch	Bangalore Central	198.56	164.8	0.17	0
2024-11-21	Mouse	Trichy Main	105.71	78.23	0.26	0
2024-11-21	Keyboard	Salem Hub	114.28	99.42	0.13	0
2024-11-22	Mouse	Chennai Central	75.88	63.74	0.16	0
2024-11-22	Headphones	Bangalore Central	196.81	196.81	0.0	0
2024-11-22	Printer	Coimbatore Mall	297.63	291.68	0.02	0
2024-11-23	Monitor	Chennai Central	433.11	355.15	0.18	0
2024-11-24	Speaker	Salem Hub	204.83	190.49	0.07	0
2024-11-25	Smartwatch	Salem Hub	217.22	160.74	0.26	0
2024-11-25	Laptop	Madurai Plaza	764.35	588.55	0.23	0
2024-11-25	Smartphone	Coimbatore Mall	626.62	451.17	0.28	0
2024-11-26	Mouse	Chennai Central	72.62	68.26	0.06	0
2024-11-26	Mouse	Salem Hub	62.24	49.79	0.2	0
2024-11-26	Keyboard	Madurai Plaza	152.68	112.98	0.26	0
2024-11-26	Smartphone	Chennai Central	831.63	823.31	0.01	0
2024-11-28	Tablet	Trichy Main	443.65	323.86	0.27	0
2024-11-30	Printer	Trichy Main	328.38	256.14	0.22	0
2024-11-30	Headphones	Salem Hub	188.21	154.33	0.18	0
2024-11-30	Smartwatch	Trichy Main	322.39	306.27	0.05	0
2024-11-30	Tablet	Coimbatore Mall	554.47	399.22	0.28	0
2024-12-01	Monitor	Chennai Central	497.01	442.34	0.11	0
2024-12-01	Monitor	Trichy Main	384.87	361.78	0.06	0
2024-12-02	Monitor	Chennai Central	370.98	293.07	0.21	0
2024-12-02	Tablet	Madurai Plaza	547.88	416.39	0.24	0
2024-12-03	Mouse	Bangalore Central	89.5	76.97	0.14	0
2024-12-03	Tablet	Salem Hub	607.51	461.71	0.24	0
2024-12-03	Mouse	Chennai Central	76.76	57.57	0.25	0
2024-12-03	Keyboard	Madurai Plaza	78.2	70.38	0.1	0
2024-12-04	Mouse	Salem Hub	68.18	63.41	0.07	1
2024-12-04	Keyboard	Trichy Main	121.94	98.77	0.19	0
2024-12-05	Tablet	Salem Hub	466.34	387.06	0.17	0
2024-12-05	Smartphone	Bangalore Central	683.37	526.19	0.23	0
2024-12-05	Keyboard	Coimbatore Mall	129.51	111.38	0.14	0
2024-12-05	Headphones	Salem Hub	174.33	125.52	0.28	0
2024-12-05	Smartphone	Coimbatore Mall	791.53	767.78	0.03	0
2024-12-06	Laptop	Salem Hub	1094.17	776.86	0.29	0
2024-12-06	Speaker	Trichy Main	231.55	187.56	0.19	0
2024-12-06	Keyboard	Madurai Plaza	111.05	94.39	0.15	0
2024-12-07	Tablet	Salem Hub	588.43	535.47	0.09	0
2024-12-07	Smartwatch	Madurai Plaza	296.94	273.18	0.08	0
2024-12-07	Smartphone	Bangalore Central	793.46	555.42	0.3	0
2024-12-07	Mouse	Madurai Plaza	93.42	68.2	0.27	0
2024-12-07	Smartwatch	Chennai Central	259.73	257.13	0.01	1
2024-12-07	Laptop	Trichy Main	718.07	703.71	0.02	0
2024-12-08	Smartphone	Chennai Central	958.23	804.91	0.16	0
2024-12-09	Mouse	Trichy Main	89.77	88.87	0.01	0
2024-12-09	Monitor	Trichy Main	527.61	464.3	0.12	0
2024-12-10	Smartphone	Bangalore Central	777.07	676.05	0.13	0
2024-12-10	Headphones	Trichy Main	171.5	154.35	0.1	0
2024-12-11	Keyboard	Coimbatore Mall	165.06	117.19	0.29	1
2024-12-11	Monitor	Madurai Plaza	590.35	430.96	0.27	0
2024-12-11	Smartwatch	Trichy Main	344.5	268.71	0.22	0
2024-12-11	Mouse	Salem Hub	98.39	79.7	0.19	0
2024-12-11	Tablet	Chennai Central	660.67	482.29	0.27	0
2024-12-11	Keyboard	Salem Hub	156.71	131.64	0.16	1
2024-12-11	Mouse	Salem Hub	65.31	64.0	0.02	0
2024-12-12	Mouse	Chennai Central	83.33	75.0	0.1	0
2024-12-13	Smartphone	Bangalore Central	907.94	753.59	0.17	0
2024-12-13	Smartwatch	Trichy Main	253.73	208.06	0.18	0
2024-12-13	Laptop	Salem Hub	989.26	860.66	0.13	0
2024-12-13	Mouse	Madurai Plaza	89.71	70.87	0.21	0
2024-12-14	Smartwatch	Coimbatore Mall	292.01	213.17	0.27	0
2024-12-14	Keyboard	Salem Hub	115.34	87.66	0.24	0
2024-12-14	Speaker	Trichy Main	176.57	143.02	0.19	0
2024-12-14	Smartphone	Salem Hub	867.83	659.55	0.24	0
2024-12-14	Laptop	Bangalore Central	1014.82	761.12	0.25	0
2024-12-15	Mouse	Salem Hub	96.25	81.81	0.15	0
2024-12-15	Mouse	Trichy Main	80.72	73.46	0.09	0
2024-12-15	Laptop	Madurai Plaza	675.25	648.24	0.04	0
2024-12-15	Mouse	Chennai Central	95.22	73.32	0.23	1
2024-12-16	Speaker	Chennai Central	288.47	213.47	0.26	0
2024-12-16	Smartphone	Salem Hub	927.36	806.8	0.13	0
2024-12-17	Laptop	Chennai Central	620.43	614.23	0.01	0
2024-12-17	Tablet	Chennai Central	408.32	396.07	0.03	0
2024-12-17	Laptop	Chennai Central	1072.04	1039.88	0.03	0
2024-12-19	Smartphone	Bangalore Central	655.06	622.31	0.05	0
2024-12-20	Mouse	Madurai Plaza	87.87	79.08	0.1	0
2024-12-20	Smartwatch	Salem Hub	337.29	283.32	0.16	0
2024-12-20	Speaker	Madurai Plaza	238.01	183.27	0.23	0
2024-12-20	Smartwatch	Bangalore Central	230.87	219.33	0.05	0
2024-12-21	Laptop	Bangalore Central	971.19	883.78	0.09	0
2024-12-22	Tablet	Bangalore Central	632.05	613.09	0.03	0
2024-12-22	Headphones	Bangalore Central	158.6	147.5	0.07	0
2024-12-22	Laptop	Coimbatore Mall	1022.79	848.92	0.17	0
2024-12-23	Smartphone	Madurai Plaza	799.53	791.53	0.01	0
2024-12-23	Keyboard	Salem Hub	118.92	95.14	0.2	0
2024-12-24	Speaker	Coimbatore Mall	278.49	245.07	0.12	0
2024-12-24	Mouse	Bangalore Central	93.03	81.87	0.12	0
2024-12-25	Keyboard	Bangalore Central	111.77	107.3	0.04	0
2024-12-25	Headphones	Chennai Central	181.84	132.74	0.27	0
2024-12-25	Laptop	Coimbatore Mall	1011.97	799.46	0.21	1
2024-12-25	Smartwatch	Trichy Main	258.78	227.73	0.12	0
2024-12-25	Laptop	Trichy Main	1081.73	930.29	0.14	0
2024-12-25	Tablet	Trichy Main	547.33	519.96	0.05	0
2024-12-26	Speaker	Trichy Main	189.82	144.26	0.24	0
2024-12-26	Printer	Coimbatore Mall	371.27	319.29	0.14	0
2024-12-28	Headphones	Bangalore Central	193.49	191.56	0.01	0
2024-12-29	Speaker	Bangalore Central	241.81	174.1	0.28	0
2024-12-29	Tablet	Salem Hub	476.09	352.31	0.26	0
2024-12-30	Laptop	Bangalore Central	969.75	911.56	0.06	0
2024-12-30	Mouse	Salem Hub	70.49	64.15	0.09	1
2024-12-30	Printer	Bangalore Central	397.34	349.66	0.12	1
2024-12-30	Smartphone	Bangalore Central	659.12	580.03	0.12	0
2024-12-30	Keyboard	Bangalore Central	123.49	122.26	0.01	0
2024-12-30	Laptop	Trichy Main	1148.36	930.17	0.19	0