Feature,Importance
categorical__Contract Type_Month-to-month,0.46648965140274634
numeric__Total Charges,0.15966984095162978
categorical__Internet Service_Fiber optic,0.03609124634082222
categorical__Payment Method_Electronic check,0.028554119866214523
categorical__Tenure_11,0.013386664353659773
categorical__Tenure_40,0.010638861424154135
categorical__Tenure_9,0.0087911556822931
categorical__Tenure_4,0.007715776385861693
categorical__Tenure_8,0.007548070132703299
categorical__Monthly Charges_89.07,0.0071364686440098645
categorical__Contract Type_Two year,0.006399512181465544
categorical__Monthly Charges_103.54,0.006229244509836577
categorical__Tenure_39,0.005640749289109103
categorical__Tenure_2,0.0048391572012328205
categorical__Tenure_15,0.004793648816424332
categorical__Monthly Charges_99.05,0.0038888592985126297
categorical__Tenure_17,0.003886737849399488
categorical__Monthly Charges_57.92,0.003868911847523453
categorical__Monthly Charges_42.18,0.0038679212925325705
categorical__Monthly Charges_85.21,0.003764851102288191
categorical__Monthly Charges_34.39,0.0036885869879318186
categorical__Monthly Charges_95.26,0.003453227587941512
categorical__Monthly Charges_99.6,0.003439295201664879
categorical__Monthly Charges_110.14,0.003435731922007671
categorical__Monthly Charges_79.04,0.0034254248994066215
categorical__Tenure_53,0.0034247376863779733
categorical__Monthly Charges_48.1,0.0034234204927294344
categorical__Monthly Charges_105.05,0.003398835003516223
categorical__Monthly Charges_100.81,0.003379190146639003
categorical__Monthly Charges_97.31,0.003358121747682871
categorical__Monthly Charges_108.59,0.0033579133913514405
categorical__Tenure_1,0.003355670101106201
categorical__Monthly Charges_34.2,0.0033538139399356447
categorical__Monthly Charges_118.67,0.0033449945482587197
categorical__Tenure_66,0.003331241367601599
categorical__Monthly Charges_104.2,0.003329005893045863
categorical__Monthly Charges_91.92,0.0033179292553947182
categorical__Monthly Charges_108.96,0.003317351740921152
categorical__Monthly Charges_89.66,0.003290166510465492
categorical__Monthly Charges_41.19,0.0032889074977208903
categorical__Monthly Charges_84.28,0.0032785242296726183
categorical__Tenure_18,0.003264497039243611
categorical__Monthly Charges_25.18,0.003243687290738345
categorical__Monthly Charges_46.9,0.003243595065434191
categorical__Monthly Charges_101.27,0.003189230703581937
categorical__Tenure_7,0.0031813767401827893
categorical__Monthly Charges_100.72,0.0031759114297316487
categorical__Monthly Charges_92.56,0.002937989778096043
categorical__Monthly Charges_117.62,0.0028639918243737227
categorical__Monthly Charges_112.69,0.0027474919087153026
categorical__Monthly Charges_84.49,0.002716014684231931
categorical__Monthly Charges_108.36,0.0026871724851752466
categorical__Monthly Charges_65.29,0.0026730368895885974
categorical__Monthly Charges_102.43,0.002567107606942534
categorical__Payment Method_Bank transfer,0.0025416411112679934
categorical__Tenure_61,0.002518630167081623
categorical__Tenure_13,0.0024349299030422635
categorical__Monthly Charges_21.46,0.002237913800912692
categorical__Monthly Charges_26.06,0.0022356708986814807
categorical__Monthly Charges_97.43,0.0022353927125805064
categorical__Monthly Charges_87.07,0.002108685710850777
categorical__Tenure_51,0.00206688340692734
categorical__Monthly Charges_36.59,0.0020293777383757977
categorical__Monthly Charges_101.58,0.0020161620157469608
categorical__Tenure_6,0.0018557143710159715
categorical__Monthly Charges_83.07,0.0018479242023420434
categorical__Monthly Charges_87.61,0.0018120289243859999
categorical__Tenure_26,0.0017927959003355028
categorical__Monthly Charges_39.45,0.0017203944917305715
categorical__Monthly Charges_74.3,0.001712343479420238
categorical__Monthly Charges_26.31,0.0017001745141603014
categorical__Tenure_35,0.0016952831002964516
categorical__Monthly Charges_54.56,0.0016891499342220366
categorical__Tenure_29,0.0014071689448873926
categorical__Monthly Charges_58.07,0.0014022186840539864
categorical__Tenure_28,0.0013517430002819703
categorical__Monthly Charges_50.79,0.0012702946543151285
categorical__Monthly Charges_94.94,0.001261513596548941
categorical__Monthly Charges_23.5,0.0012153701721984312
categorical__Monthly Charges_112.15,0.0011869597197641554
categorical__Monthly Charges_40.45,0.0011745060593476835
categorical__Monthly Charges_31.65,0.0011715454031916862
categorical__Monthly Charges_85.19,0.0011715395225522696
categorical__Monthly Charges_119.46,0.0011674215942062342
categorical__Monthly Charges_97.68,0.0011632779752980874
categorical__Internet Service_DSL,0.0010233896946302186
categorical__Monthly Charges_78.85,0.0009778960934696147
categorical__Monthly Charges_29.82,0.0009600332968566996
categorical__Tenure_68,0.0009557852943383993
categorical__Monthly Charges_69.04,0.0008183648046651533
categorical__Monthly Charges_40.54,0.0007919017921773823
categorical__Tenure_71,0.0007864009381312507
categorical__Monthly Charges_49.64,0.000782643319937633
categorical__Monthly Charges_29.75,0.0007718974827172127
categorical__Tenure_45,0.0007677711403223182
categorical__Monthly Charges_93.16,0.0007598940614823746
categorical__Monthly Charges_80.54,0.0007596143258197115
categorical__Monthly Charges_66.51,0.0007595812083968752
categorical__Monthly Charges_48.34,0.0007595723479610902
categorical__Monthly Charges_32.51,0.0007434110627048101
categorical__Monthly Charges_98.13,0.0007425042003381796
categorical__Monthly Charges_114.91,0.0007349810648730963
categorical__Monthly Charges_68.19,0.0007349579178348877
categorical__Monthly Charges_83.71,0.0007347957647960521
categorical__Monthly Charges_87.0,0.0007342574274257888
categorical__Monthly Charges_55.68,0.0007342166560137155
categorical__Monthly Charges_111.2,0.0007341752797311763
categorical__Monthly Charges_69.22,0.0007341331075291339
categorical__Monthly Charges_105.96,0.0007340844604555933
categorical__Monthly Charges_82.0,0.0007337199339607881
categorical__Monthly Charges_83.83,0.0007336774210294434
categorical__Monthly Charges_92.88,0.0007335579684920766
categorical__Monthly Charges_75.44,0.000733430326562042
categorical__Monthly Charges_49.89,0.0007333190016984882
categorical__Monthly Charges_81.44,0.0007331611343037396
categorical__Monthly Charges_104.23,0.0007330584908402563
categorical__Monthly Charges_100.6,0.0007330176455311459
categorical__Monthly Charges_95.68,0.0007330111412323405
categorical__Monthly Charges_108.85,0.0007325720781862675
categorical__Monthly Charges_83.34,0.0007325552706090288
categorical__Monthly Charges_109.43,0.0007324285178334663
categorical__Monthly Charges_102.94,0.0007323885455666687
categorical__Monthly Charges_108.16,0.00073226648984458
categorical__Monthly Charges_119.44,0.000732082859805773
categorical__Monthly Charges_61.48,0.0007320645199940145
categorical__Monthly Charges_114.16,0.0007317822956849028
categorical__Monthly Charges_49.52,0.000731774052273542
categorical__Monthly Charges_105.98,0.0007317635472937549
categorical__Monthly Charges_113.39,0.0007314586182300017
categorical__Monthly Charges_64.54,0.0007161140235310037
categorical__Tenure_62,0.0005500008300883258
categorical__Monthly Charges_40.34,0.0005481381617043254
categorical__Monthly Charges_38.98,0.0005436652130218813
categorical__Monthly Charges_100.88,0.0005211711555233304
categorical__Monthly Charges_80.31,0.0005014877161829805
categorical__Monthly Charges_44.26,0.0005005394094913826
categorical__Monthly Charges_89.82,0.0004951770033176693
categorical__Monthly Charges_86.66,0.000490556275635623
categorical__Monthly Charges_92.43,0.00046127969017583205
categorical__Tenure_59,0.00037729117574679204
categorical__Monthly Charges_101.64,0.0003753014249446086
categorical__Monthly Charges_49.51,0.0003714920574838526
categorical__Monthly Charges_33.92,0.00036512265497686913
categorical__Monthly Charges_98.35,0.0003644585379371173
categorical__Tenure_64,0.00036208356802304675
categorical__Monthly Charges_60.28,0.0003606779378236981
categorical__Monthly Charges_57.15,0.0003596854477516247
categorical__Monthly Charges_116.38,0.00035261220128598845
categorical__Monthly Charges_90.62,0.0003487858389779387
categorical__Monthly Charges_55.49,0.00034082703834614357
categorical__Monthly Charges_57.21,0.00032510278622475725
categorical__Gender_Female,0.0003024116184356911
categorical__Payment Method_Credit card,0.00024613812801213493
categorical__Gender_Male,0.00014728836376433685
categorical__Internet Service_No,4.077074718852355e-05
categorical__Tenure_21,3.050443684127585e-05
categorical__Tenure_10,1.4885353742228112e-05
categorical__Contract Type_One year,1.2780465679973674e-05
categorical__Tenure_32,5.000256709305921e-06
categorical__Tenure_55,3.033591126718239e-16
categorical__Tenure_47,2.699374924047345e-16
categorical__Monthly Charges_78.26,2.1992915217835938e-16
categorical__Payment Method_Mailed check,1.5718088739472742e-17
categorical__Monthly Charges_102.06,0.0
categorical__Monthly Charges_102.22,0.0
categorical__Monthly Charges_102.23,0.0
categorical__Monthly Charges_102.25,0.0
categorical__Monthly Charges_102.32,0.0
categorical__Monthly Charges_102.36,0.0
categorical__Monthly Charges_102.38,0.0
categorical__Monthly Charges_102.48,0.0
categorical__Monthly Charges_102.50,0.0
categorical__Monthly Charges_102.65,0.0
categorical__Monthly Charges_102.67,0.0
categorical__Monthly Charges_102.74,0.0
categorical__Monthly Charges_102.81,0.0
categorical__Monthly Charges_102.85,0.0
categorical__Monthly Charges_102.89,0.0
categorical__Monthly Charges_102.93,0.0
categorical__Monthly Charges_102.97,0.0
categorical__Monthly Charges_103.02,0.0
categorical__Monthly Charges_103.14,0.0
categorical__Monthly Charges_103.24,0.0
categorical__Monthly Charges_103.28,0.0
categorical__Monthly Charges_103.32,0.0
categorical__Monthly Charges_103.36,0.0
categorical__Monthly Charges_103.38,0.0
categorical__Monthly Charges_103.46,0.0
categorical__Monthly Charges_103.65,0.0
categorical__Monthly Charges_103.97,0.0
categorical__Monthly Charges_103.98,0.0
categorical__Monthly Charges_104.20,0.0
categorical__Monthly Charges_104.33,0.0
categorical__Monthly Charges_104.38,0.0
categorical__Monthly Charges_104.57,0.0
categorical__Monthly Charges_104.58,0.0
categorical__Monthly Charges_104.72,0.0
categorical__Monthly Charges_104.73,0.0
categorical__Monthly Charges_104.92,0.0
categorical__Monthly Charges_104.95,0.0
categorical__Monthly Charges_105.07,0.0
categorical__Monthly Charges_105.16,0.0
categorical__Monthly Charges_105.3,0.0
categorical__Monthly Charges_105.32,0.0
categorical__Monthly Charges_105.33,0.0
categorical__Monthly Charges_105.42,0.0
categorical__Monthly Charges_105.47,0.0
categorical__Monthly Charges_105.48,0.0
categorical__Monthly Charges_105.52,0.0
categorical__Monthly Charges_105.65,0.0
categorical__Monthly Charges_105.72,0.0
categorical__Monthly Charges_105.73,0.0
categorical__Monthly Charges_105.8,0.0
categorical__Monthly Charges_105.81,0.0
categorical__Monthly Charges_105.97,0.0
categorical__Monthly Charges_106.1,0.0
categorical__Monthly Charges_106.13,0.0
categorical__Monthly Charges_106.15,0.0
categorical__Monthly Charges_106.21,0.0
categorical__Monthly Charges_106.25,0.0
categorical__Monthly Charges_106.3,0.0
categorical__Monthly Charges_106.35,0.0
categorical__Monthly Charges_106.36,0.0
categorical__Monthly Charges_106.4,0.0
categorical__Monthly Charges_106.52,0.0
categorical__Monthly Charges_106.63,0.0
categorical__Monthly Charges_106.82,0.0
categorical__Monthly Charges_106.84,0.0
categorical__Monthly Charges_106.86,0.0
categorical__Monthly Charges_106.92,0.0
categorical__Monthly Charges_106.96,0.0
categorical__Monthly Charges_106.99,0.0
categorical__Monthly Charges_107.06,0.0
categorical__Monthly Charges_107.13,0.0
categorical__Monthly Charges_107.15,0.0
categorical__Monthly Charges_107.26,0.0
categorical__Monthly Charges_107.27,0.0
categorical__Monthly Charges_107.3,0.0
categorical__Monthly Charges_107.31,0.0
categorical__Monthly Charges_107.37,0.0
categorical__Monthly Charges_107.39,0.0
categorical__Monthly Charges_107.42,0.0
categorical__Monthly Charges_107.51,0.0
categorical__Monthly Charges_107.54,0.0
categorical__Monthly Charges_107.74,0.0
categorical__Monthly Charges_107.88,0.0
categorical__Monthly Charges_107.93,0.0
categorical__Monthly Charges_107.95,0.0
categorical__Monthly Charges_108.17,0.0
categorical__Monthly Charges_108.44,0.0
categorical__Monthly Charges_108.46,0.0
categorical__Monthly Charges_108.5,0.0
categorical__Monthly Charges_108.56,0.0
categorical__Monthly Charges_108.63,0.0
categorical__Monthly Charges_108.71,0.0
categorical__Monthly Charges_109.01,0.0
categorical__Monthly Charges_109.12,0.0
categorical__Monthly Charges_109.13,0.0
categorical__Monthly Charges_109.17,0.0
categorical__Monthly Charges_109.19,0.0
categorical__Monthly Charges_109.36,0.0
categorical__Monthly Charges_109.46,0.0
categorical__Monthly Charges_109.51,0.0
categorical__Monthly Charges_109.57,0.0
categorical__Monthly Charges_109.59,0.0
categorical__Monthly Charges_109.6,0.0
categorical__Monthly Charges_109.77,0.0
categorical__Monthly Charges_109.82,0.0
categorical__Monthly Charges_109.88,0.0
categorical__Monthly Charges_110.16,0.0
categorical__Monthly Charges_110.22,0.0
categorical__Monthly Charges_110.28,0.0
categorical__Monthly Charges_110.32,0.0
categorical__Monthly Charges_110.38,0.0
categorical__Monthly Charges_110.48,0.0
categorical__Monthly Charges_110.55,0.0
categorical__Monthly Charges_110.64,0.0
categorical__Monthly Charges_110.66,0.0
categorical__Monthly Charges_110.72,0.0
categorical__Monthly Charges_110.77,0.0
categorical__Monthly Charges_110.8,0.0
categorical__Monthly Charges_111.02,0.0
categorical__Monthly Charges_111.08,0.0
categorical__Monthly Charges_111.12,0.0
categorical__Monthly Charges_111.18,0.0
categorical__Monthly Charges_111.29,0.0
categorical__Monthly Charges_111.32,0.0
categorical__Monthly Charges_111.5,0.0
categorical__Monthly Charges_111.57,0.0
categorical__Monthly Charges_111.66,0.0
categorical__Monthly Charges_111.69,0.0
categorical__Monthly Charges_111.75,0.0
categorical__Monthly Charges_111.94,0.0
categorical__Monthly Charges_112.22,0.0
categorical__Monthly Charges_112.24,0.0
categorical__Monthly Charges_112.4,0.0
categorical__Monthly Charges_112.41,0.0
categorical__Monthly Charges_112.43,0.0
categorical__Monthly Charges_112.46,0.0
categorical__Monthly Charges_112.55,0.0
categorical__Monthly Charges_112.62,0.0
categorical__Monthly Charges_112.74,0.0
categorical__Monthly Charges_112.81,0.0
categorical__Monthly Charges_112.84,0.0
categorical__Monthly Charges_112.87,0.0
categorical__Monthly Charges_113.06,0.0
categorical__Monthly Charges_113.08,0.0
categorical__Monthly Charges_113.1,0.0
categorical__Monthly Charges_113.17,0.0
categorical__Monthly Charges_113.23,0.0
categorical__Monthly Charges_113.25,0.0
categorical__Monthly Charges_113.31,0.0
categorical__Monthly Charges_113.36,0.0
categorical__Monthly Charges_113.5,0.0
categorical__Monthly Charges_113.53,0.0
categorical__Monthly Charges_113.54,0.0
categorical__Monthly Charges_113.69,0.0
categorical__Monthly Charges_113.71,0.0
categorical__Monthly Charges_113.84,0.0
categorical__Monthly Charges_113.87,0.0
categorical__Monthly Charges_113.89,0.0
categorical__Monthly Charges_113.9,0.0
categorical__Monthly Charges_113.91,0.0
categorical__Monthly Charges_113.97,0.0
categorical__Monthly Charges_113.99,0.0
categorical__Monthly Charges_114.02,0.0
categorical__Monthly Charges_114.04,0.0
categorical__Monthly Charges_114.08,0.0
categorical__Monthly Charges_114.13,0.0
categorical__Monthly Charges_114.15,0.0
categorical__Monthly Charges_114.24,0.0
categorical__Monthly Charges_114.25,0.0
categorical__Monthly Charges_114.31,0.0
categorical__Monthly Charges_114.36,0.0
categorical__Monthly Charges_114.39,0.0
categorical__Monthly Charges_114.47,0.0
categorical__Monthly Charges_114.51,0.0
categorical__Monthly Charges_114.83,0.0
categorical__Monthly Charges_114.87,0.0
categorical__Monthly Charges_114.92,0.0
categorical__Monthly Charges_115.14,0.0
categorical__Monthly Charges_115.24,0.0
categorical__Monthly Charges_115.25,0.0
categorical__Monthly Charges_115.29,0.0
categorical__Monthly Charges_115.3,0.0
categorical__Monthly Charges_115.35,0.0
categorical__Monthly Charges_115.48,0.0
categorical__Monthly Charges_115.72,0.0
categorical__Monthly Charges_115.85,0.0
categorical__Monthly Charges_116.02,0.0
categorical__Monthly Charges_116.12,0.0
categorical__Monthly Charges_116.15,0.0
categorical__Monthly Charges_116.16,0.0
categorical__Monthly Charges_116.23,0.0
categorical__Monthly Charges_116.32,0.0
categorical__Monthly Charges_116.52,0.0
categorical__Monthly Charges_116.65,0.0
categorical__Monthly Charges_116.71,0.0
categorical__Monthly Charges_116.73,0.0
categorical__Monthly Charges_116.78,0.0
categorical__Monthly Charges_117.02,0.0
categorical__Monthly Charges_117.24,0.0
categorical__Monthly Charges_117.42,0.0
categorical__Monthly Charges_117.44,0.0
categorical__Monthly Charges_117.52,0.0
categorical__Monthly Charges_117.54,0.0
categorical__Monthly Charges_117.55,0.0
categorical__Monthly Charges_117.6,0.0
categorical__Monthly Charges_117.71,0.0
categorical__Monthly Charges_117.76,0.0
categorical__Monthly Charges_117.9,0.0
categorical__Monthly Charges_118.04,0.0
categorical__Monthly Charges_118.12,0.0
categorical__Monthly Charges_118.17,0.0
categorical__Monthly Charges_118.19,0.0
categorical__Monthly Charges_118.2,0.0
categorical__Monthly Charges_118.33,0.0
categorical__Monthly Charges_118.4,0.0
categorical__Monthly Charges_118.42,0.0
categorical__Monthly Charges_118.58,0.0
categorical__Monthly Charges_118.62,0.0
categorical__Monthly Charges_118.77,0.0
categorical__Monthly Charges_118.85,0.0
categorical__Monthly Charges_118.88,0.0
categorical__Monthly Charges_118.92,0.0
categorical__Monthly Charges_118.98,0.0
categorical__Monthly Charges_119.15,0.0
categorical__Monthly Charges_119.17,0.0
categorical__Monthly Charges_119.18,0.0
categorical__Monthly Charges_119.41,0.0
categorical__Monthly Charges_119.47,0.0
categorical__Monthly Charges_119.56,0.0
categorical__Monthly Charges_119.63,0.0
categorical__Monthly Charges_119.64,0.0
categorical__Monthly Charges_119.66,0.0
categorical__Monthly Charges_119.69,0.0
categorical__Monthly Charges_119.76,0.0
categorical__Monthly Charges_119.95,0.0
categorical__Monthly Charges_20.02,0.0
categorical__Monthly Charges_20.04,0.0
categorical__Monthly Charges_20.09,0.0
categorical__Monthly Charges_20.13,0.0
categorical__Monthly Charges_20.16,0.0
categorical__Monthly Charges_20.2,0.0
categorical__Monthly Charges_20.5,0.0
categorical__Monthly Charges_20.51,0.0
categorical__Monthly Charges_20.53,0.0
categorical__Monthly Charges_20.54,0.0
categorical__Monthly Charges_20.64,0.0
categorical__Monthly Charges_20.67,0.0
categorical__Monthly Charges_20.8,0.0
categorical__Monthly Charges_20.87,0.0
categorical__Monthly Charges_20.97,0.0
categorical__Monthly Charges_21.01,0.0
categorical__Monthly Charges_21.05,0.0
categorical__Monthly Charges_21.11,0.0
categorical__Monthly Charges_21.15,0.0
categorical__Monthly Charges_21.29,0.0
categorical__Monthly Charges_21.33,0.0
categorical__Monthly Charges_21.36,0.0
categorical__Monthly Charges_21.37,0.0
categorical__Monthly Charges_21.42,0.0
categorical__Monthly Charges_21.43,0.0
categorical__Monthly Charges_21.52,0.0
categorical__Monthly Charges_21.58,0.0
categorical__Monthly Charges_21.61,0.0
categorical__Monthly Charges_21.68,0.0
categorical__Monthly Charges_21.71,0.0
categorical__Monthly Charges_21.84,0.0
categorical__Monthly Charges_21.98,0.0
categorical__Monthly Charges_22.05,0.0
categorical__Monthly Charges_22.07,0.0
categorical__Monthly Charges_22.1,0.0
categorical__Monthly Charges_22.21,0.0
categorical__Monthly Charges_22.22,0.0
categorical__Monthly Charges_22.35,0.0
categorical__Monthly Charges_22.41,0.0
categorical__Monthly Charges_22.47,0.0
categorical__Monthly Charges_22.5,0.0
categorical__Monthly Charges_22.52,0.0
categorical__Monthly Charges_22.56,0.0
categorical__Monthly Charges_22.73,0.0
categorical__Monthly Charges_22.75,0.0
categorical__Monthly Charges_22.83,0.0
categorical__Monthly Charges_22.92,0.0
categorical__Monthly Charges_22.95,0.0
categorical__Monthly Charges_23.0,0.0
categorical__Monthly Charges_23.09,0.0
categorical__Monthly Charges_23.26,0.0
categorical__Monthly Charges_23.28,0.0
categorical__Monthly Charges_23.33,0.0
categorical__Monthly Charges_23.59,0.0
categorical__Monthly Charges_24.03,0.0
categorical__Monthly Charges_24.2,0.0
categorical__Monthly Charges_24.28,0.0
categorical__Monthly Charges_24.31,0.0
categorical__Monthly Charges_24.33,0.0
categorical__Monthly Charges_24.4,0.0
categorical__Monthly Charges_24.52,0.0
categorical__Monthly Charges_24.54,0.0
categorical__Monthly Charges_24.55,0.0
categorical__Monthly Charges_24.61,0.0
categorical__Monthly Charges_24.7,0.0
categorical__Monthly Charges_24.81,0.0
categorical__Monthly Charges_25.0,0.0
categorical__Monthly Charges_25.02,0.0
categorical__Monthly Charges_25.05,0.0
categorical__Monthly Charges_25.06,0.0
categorical__Monthly Charges_25.1,0.0
categorical__Monthly Charges_25.19,0.0
categorical__Monthly Charges_25.24,0.0
categorical__Monthly Charges_25.35,0.0
categorical__Monthly Charges_25.44,0.0
categorical__Monthly Charges_25.52,0.0
categorical__Monthly Charges_25.62,0.0
categorical__Monthly Charges_25.71,0.0
categorical__Monthly Charges_25.77,0.0
categorical__Monthly Charges_26.01,0.0
categorical__Monthly Charges_26.09,0.0
categorical__Monthly Charges_26.1,0.0
categorical__Monthly Charges_26.11,0.0
categorical__Monthly Charges_26.19,0.0
categorical__Monthly Charges_26.37,0.0
categorical__Monthly Charges_26.57,0.0
categorical__Monthly Charges_26.58,0.0
categorical__Monthly Charges_26.65,0.0
categorical__Monthly Charges_26.74,0.0
categorical__Monthly Charges_26.8,0.0
categorical__Monthly Charges_26.81,0.0
categorical__Monthly Charges_26.83,0.0
categorical__Monthly Charges_26.92,0.0
categorical__Monthly Charges_26.93,0.0
categorical__Monthly Charges_26.98,0.0
categorical__Monthly Charges_27.09,0.0
categorical__Monthly Charges_27.21,0.0
categorical__Monthly Charges_27.3,0.0
categorical__Monthly Charges_27.4,0.0
categorical__Monthly Charges_27.48,0.0
categorical__Monthly Charges_27.57,0.0
categorical__Monthly Charges_27.64,0.0
categorical__Monthly Charges_27.65,0.0
categorical__Monthly Charges_27.66,0.0
categorical__Monthly Charges_27.67,0.0
categorical__Monthly Charges_27.68,0.0
categorical__Monthly Charges_27.71,0.0
categorical__Monthly Charges_27.76,0.0
categorical__Monthly Charges_27.86,0.0
categorical__Monthly Charges_28.02,0.0
categorical__Monthly Charges_28.1,0.0
categorical__Monthly Charges_28.2,0.0
categorical__Monthly Charges_28.24,0.0
categorical__Monthly Charges_28.39,0.0
categorical__Monthly Charges_28.43,0.0
categorical__Monthly Charges_28.75,0.0
categorical__Monthly Charges_28.76,0.0
categorical__Monthly Charges_28.9,0.0
categorical__Monthly Charges_28.99,0.0
categorical__Monthly Charges_29.07,0.0
categorical__Monthly Charges_29.11,0.0
categorical__Monthly Charges_29.14,0.0
categorical__Monthly Charges_29.21,0.0
categorical__Monthly Charges_29.25,0.0
categorical__Monthly Charges_29.32,0.0
categorical__Monthly Charges_29.33,0.0
categorical__Monthly Charges_29.49,0.0
categorical__Monthly Charges_29.51,0.0
categorical__Monthly Charges_29.57,0.0
categorical__Monthly Charges_29.86,0.0
categorical__Monthly Charges_29.87,0.0
categorical__Monthly Charges_29.95,0.0
categorical__Monthly Charges_30.31,0.0
categorical__Monthly Charges_30.47,0.0
categorical__Monthly Charges_30.54,0.0
categorical__Monthly Charges_30.56,0.0
categorical__Monthly Charges_30.59,0.0
categorical__Monthly Charges_30.63,0.0
categorical__Monthly Charges_30.89,0.0
categorical__Monthly Charges_31.01,0.0
categorical__Monthly Charges_31.11,0.0
categorical__Monthly Charges_31.19,0.0
categorical__Monthly Charges_31.34,0.0
categorical__Monthly Charges_31.35,0.0
categorical__Monthly Charges_31.43,0.0
categorical__Monthly Charges_31.48,0.0
categorical__Monthly Charges_31.62,0.0
categorical__Monthly Charges_31.69,0.0
categorical__Monthly Charges_31.71,0.0
categorical__Monthly Charges_31.73,0.0
categorical__Monthly Charges_31.96,0.0
categorical__Monthly Charges_32.15,0.0
categorical__Monthly Charges_32.19,0.0
categorical__Monthly Charges_32.2,0.0
categorical__Monthly Charges_32.21,0.0
categorical__Monthly Charges_32.32,0.0
categorical__Monthly Charges_32.44,0.0
categorical__Monthly Charges_32.52,0.0
categorical__Monthly Charges_32.54,0.0
categorical__Monthly Charges_32.56,0.0
categorical__Monthly Charges_32.63,0.0
categorical__Monthly Charges_32.64,0.0
categorical__Monthly Charges_32.71,0.0
categorical__Monthly Charges_32.74,0.0
categorical__Monthly Charges_32.75,0.0
categorical__Monthly Charges_32.76,0.0
categorical__Monthly Charges_32.78,0.0
categorical__Monthly Charges_32.79,0.0
categorical__Monthly Charges_32.86,0.0
categorical__Monthly Charges_32.92,0.0
categorical__Monthly Charges_33.05,0.0
categorical__Monthly Charges_33.17,0.0
categorical__Monthly Charges_33.2,0.0
categorical__Monthly Charges_33.23,0.0
categorical__Monthly Charges_33.26,0.0
categorical__Monthly Charges_33.29,0.0
categorical__Monthly Charges_33.37,0.0
categorical__Monthly Charges_33.51,0.0
categorical__Monthly Charges_33.54,0.0
categorical__Monthly Charges_33.57,0.0
categorical__Monthly Charges_33.7,0.0
categorical__Monthly Charges_33.71,0.0
categorical__Monthly Charges_33.74,0.0
categorical__Monthly Charges_33.76,0.0
categorical__Monthly Charges_33.79,0.0
categorical__Monthly Charges_33.8,0.0
categorical__Monthly Charges_33.84,0.0
categorical__Monthly Charges_33.96,0.0
categorical__Monthly Charges_34.11,0.0
categorical__Monthly Charges_34.23,0.0
categorical__Monthly Charges_34.3,0.0
categorical__Monthly Charges_34.32,0.0
categorical__Monthly Charges_34.34,0.0
categorical__Monthly Charges_34.38,0.0
categorical__Monthly Charges_34.43,0.0
categorical__Monthly Charges_34.44,0.0
categorical__Monthly Charges_34.72,0.0
categorical__Monthly Charges_34.82,0.0
categorical__Monthly Charges_34.91,0.0
categorical__Monthly Charges_34.96,0.0
categorical__Monthly Charges_35.06,0.0
categorical__Monthly Charges_35.07,0.0
categorical__Monthly Charges_35.18,0.0
categorical__Monthly Charges_35.19,0.0
categorical__Monthly Charges_35.56,0.0
categorical__Monthly Charges_35.6,0.0
categorical__Monthly Charges_35.63,0.0
categorical__Monthly Charges_35.73,0.0
categorical__Monthly Charges_35.87,0.0
categorical__Monthly Charges_35.9,0.0
categorical__Monthly Charges_36.25,0.0
categorical__Monthly Charges_36.33,0.0
categorical__Monthly Charges_36.39,0.0
categorical__Monthly Charges_36.46,0.0
categorical__Monthly Charges_36.49,0.0
categorical__Monthly Charges_36.53,0.0
categorical__Monthly Charges_36.6,0.0
categorical__Monthly Charges_36.61,0.0
categorical__Monthly Charges_36.75,0.0
categorical__Monthly Charges_36.81,0.0
categorical__Monthly Charges_36.91,0.0
categorical__Monthly Charges_36.95,0.0
categorical__Monthly Charges_36.99,0.0
categorical__Monthly Charges_37.01,0.0
categorical__Monthly Charges_37.13,0.0
categorical__Monthly Charges_37.21,0.0
categorical__Monthly Charges_37.33,0.0
categorical__Monthly Charges_37.41,0.0
categorical__Monthly Charges_37.42,0.0
categorical__Monthly Charges_37.61,0.0
categorical__Monthly Charges_37.71,0.0
categorical__Monthly Charges_37.72,0.0
categorical__Monthly Charges_37.73,0.0
categorical__Monthly Charges_37.79,0.0
categorical__Monthly Charges_38.02,0.0
categorical__Monthly Charges_38.05,0.0
categorical__Monthly Charges_38.12,0.0
categorical__Monthly Charges_38.25,0.0
categorical__Monthly Charges_38.27,0.0
categorical__Monthly Charges_38.28,0.0
categorical__Monthly Charges_38.35,0.0
categorical__Monthly Charges_38.54,0.0
categorical__Monthly Charges_38.69,0.0
categorical__Monthly Charges_38.91,0.0
categorical__Monthly Charges_38.93,0.0
categorical__Monthly Charges_38.94,0.0
categorical__Monthly Charges_39.07,0.0
categorical__Monthly Charges_39.11,0.0
categorical__Monthly Charges_39.14,0.0
categorical__Monthly Charges_39.23,0.0
categorical__Monthly Charges_39.42,0.0
categorical__Monthly Charges_39.44,0.0
categorical__Monthly Charges_39.5,0.0
categorical__Monthly Charges_39.52,0.0
categorical__Monthly Charges_39.58,0.0
categorical__Monthly Charges_39.69,0.0
categorical__Monthly Charges_39.81,0.0
categorical__Monthly Charges_39.85,0.0
categorical__Monthly Charges_39.88,0.0
categorical__Monthly Charges_39.92,0.0
categorical__Monthly Charges_39.94,0.0
categorical__Monthly Charges_40.06,0.0
categorical__Monthly Charges_40.08,0.0
categorical__Monthly Charges_40.11,0.0
categorical__Monthly Charges_40.18,0.0
categorical__Monthly Charges_40.36,0.0
categorical__Monthly Charges_40.37,0.0
categorical__Monthly Charges_40.4,0.0
categorical__Monthly Charges_40.42,0.0
categorical__Monthly Charges_40.44,0.0
categorical__Monthly Charges_40.5,0.0
categorical__Monthly Charges_40.66,0.0
categorical__Monthly Charges_40.72,0.0
categorical__Monthly Charges_40.73,0.0
categorical__Monthly Charges_40.8,0.0
categorical__Monthly Charges_40.84,0.0
categorical__Monthly Charges_40.86,0.0
categorical__Monthly Charges_41.0,0.0
categorical__Monthly Charges_41.08,0.0
categorical__Monthly Charges_41.23,0.0
categorical__Monthly Charges_41.31,0.0
categorical__Monthly Charges_41.34,0.0
categorical__Monthly Charges_41.37,0.0
categorical__Monthly Charges_41.4,0.0
categorical__Monthly Charges_41.47,0.0
categorical__Monthly Charges_41.49,0.0
categorical__Monthly Charges_41.52,0.0
categorical__Monthly Charges_41.55,0.0
categorical__Monthly Charges_41.61,0.0
categorical__Monthly Charges_41.62,0.0
categorical__Monthly Charges_41.7,0.0
categorical__Monthly Charges_41.72,0.0
categorical__Monthly Charges_41.77,0.0
categorical__Monthly Charges_41.79,0.0
categorical__Monthly Charges_41.82,0.0
categorical__Monthly Charges_41.83,0.0
categorical__Monthly Charges_41.91,0.0
categorical__Monthly Charges_42.01,0.0
categorical__Monthly Charges_42.05,0.0
categorical__Monthly Charges_42.15,0.0
categorical__Monthly Charges_42.19,0.0
categorical__Monthly Charges_42.31,0.0
categorical__Monthly Charges_42.4,0.0
categorical__Monthly Charges_42.46,0.0
categorical__Monthly Charges_42.49,0.0
categorical__Monthly Charges_42.5,0.0
categorical__Monthly Charges_42.57,0.0
categorical__Monthly Charges_42.6,0.0
categorical__Monthly Charges_42.63,0.0
categorical__Monthly Charges_42.67,0.0
categorical__Monthly Charges_42.87,0.0
categorical__Monthly Charges_43.03,0.0
categorical__Monthly Charges_43.08,0.0
categorical__Monthly Charges_43.13,0.0
categorical__Monthly Charges_43.15,0.0
categorical__Monthly Charges_43.18,0.0
categorical__Monthly Charges_43.2,0.0
categorical__Monthly Charges_43.21,0.0
categorical__Monthly Charges_43.25,0.0
categorical__Monthly Charges_43.39,0.0
categorical__Monthly Charges_43.5,0.0
categorical__Monthly Charges_43.56,0.0
categorical__Monthly Charges_43.71,0.0
categorical__Monthly Charges_43.91,0.0
categorical__Monthly Charges_44.0,0.0
categorical__Monthly Charges_44.01,0.0
categorical__Monthly Charges_44.22,0.0
categorical__Monthly Charges_44.36,0.0
categorical__Monthly Charges_44.37,0.0
categorical__Monthly Charges_44.38,0.0
categorical__Monthly Charges_44.42,0.0
categorical__Monthly Charges_44.58,0.0
categorical__Monthly Charges_44.62,0.0
categorical__Monthly Charges_44.63,0.0
categorical__Monthly Charges_44.65,0.0
categorical__Monthly Charges_44.74,0.0
categorical__Monthly Charges_44.75,0.0
categorical__Monthly Charges_44.79,0.0
categorical__Monthly Charges_44.95,0.0
categorical__Monthly Charges_45.26,0.0
categorical__Monthly Charges_45.28,0.0
categorical__Monthly Charges_45.34,0.0
categorical__Monthly Charges_45.36,0.0
categorical__Monthly Charges_45.38,0.0
categorical__Monthly Charges_45.39,0.0
categorical__Monthly Charges_45.43,0.0
categorical__Monthly Charges_45.45,0.0
categorical__Monthly Charges_45.49,0.0
categorical__Monthly Charges_45.53,0.0
categorical__Monthly Charges_45.56,0.0
categorical__Monthly Charges_45.57,0.0
categorical__Monthly Charges_45.67,0.0
categorical__Monthly Charges_45.81,0.0
categorical__Monthly Charges_45.82,0.0
categorical__Monthly Charges_45.96,0.0
categorical__Monthly Charges_46.23,0.0
categorical__Monthly Charges_46.25,0.0
categorical__Monthly Charges_46.4,0.0
categorical__Monthly Charges_46.45,0.0
categorical__Monthly Charges_46.6,0.0
categorical__Monthly Charges_46.74,0.0
categorical__Monthly Charges_46.76,0.0
categorical__Monthly Charges_46.80,0.0
categorical__Monthly Charges_46.88,0.0
categorical__Monthly Charges_47.06,0.0
categorical__Monthly Charges_47.14,0.0
categorical__Monthly Charges_47.27,0.0
categorical__Monthly Charges_47.3,0.0
categorical__Monthly Charges_47.44,0.0
categorical__Monthly Charges_47.55,0.0
categorical__Monthly Charges_47.62,0.0
categorical__Monthly Charges_47.69,0.0
categorical__Monthly Charges_47.77,0.0
categorical__Monthly Charges_47.78,0.0
categorical__Monthly Charges_47.81,0.0
categorical__Monthly Charges_47.85,0.0
categorical__Monthly Charges_47.89,0.0
categorical__Monthly Charges_47.90,0.0
categorical__Monthly Charges_47.97,0.0
categorical__Monthly Charges_47.99,0.0
categorical__Monthly Charges_48.09,0.0
categorical__Monthly Charges_48.14,0.0
categorical__Monthly Charges_48.19,0.0
categorical__Monthly Charges_48.23,0.0
categorical__Monthly Charges_48.28,0.0
categorical__Monthly Charges_48.55,0.0
categorical__Monthly Charges_48.57,0.0
categorical__Monthly Charges_48.59,0.0
categorical__Monthly Charges_48.73,0.0
categorical__Monthly Charges_48.78,0.0
categorical__Monthly Charges_48.8,0.0
categorical__Monthly Charges_48.83,0.0
categorical__Monthly Charges_48.94,0.0
categorical__Monthly Charges_49.0,0.0
categorical__Monthly Charges_49.15,0.0
categorical__Monthly Charges_49.25,0.0
categorical__Monthly Charges_49.38,0.0
categorical__Monthly Charges_49.39,0.0
categorical__Monthly Charges_49.43,0.0
categorical__Monthly Charges_49.55,0.0
categorical__Monthly Charges_49.57,0.0
categorical__Monthly Charges_49.59,0.0
categorical__Monthly Charges_49.68,0.0
categorical__Monthly Charges_49.74,0.0
categorical__Monthly Charges_49.75,0.0
categorical__Monthly Charges_49.81,0.0
categorical__Monthly Charges_49.88,0.0
categorical__Monthly Charges_99.51,0.0
categorical__Monthly Charges_50.25,0.0
categorical__Monthly Charges_50.28,0.0
categorical__Monthly Charges_50.3,0.0
categorical__Monthly Charges_50.4,0.0
categorical__Monthly Charges_50.42,0.0
categorical__Monthly Charges_50.45,0.0
categorical__Monthly Charges_50.46,0.0
categorical__Monthly Charges_50.6,0.0
categorical__Monthly Charges_50.69,0.0
categorical__Monthly Charges_50.7,0.0
categorical__Monthly Charges_50.71,0.0
categorical__Monthly Charges_50.72,0.0
categorical__Monthly Charges_50.75,0.0
categorical__Monthly Charges_50.77,0.0
categorical__Monthly Charges_98.67,0.0
categorical__Monthly Charges_50.88,0.0
categorical__Monthly Charges_50.9,0.0
categorical__Monthly Charges_51.0,0.0
categorical__Monthly Charges_51.1,0.0
categorical__Monthly Charges_51.16,0.0
categorical__Monthly Charges_51.18,0.0
categorical__Monthly Charges_51.22,0.0
categorical__Monthly Charges_51.29,0.0
categorical__Monthly Charges_51.30,0.0
categorical__Monthly Charges_51.5,0.0
categorical__Monthly Charges_51.51,0.0
categorical__Monthly Charges_51.61,0.0
categorical__Monthly Charges_51.65,0.0
categorical__Monthly Charges_51.77,0.0
categorical__Monthly Charges_51.8,0.0
categorical__Monthly Charges_51.83,0.0
categorical__Monthly Charges_51.86,0.0
categorical__Monthly Charges_51.9,0.0
categorical__Monthly Charges_51.91,0.0
categorical__Monthly Charges_51.97,0.0
categorical__Monthly Charges_52.0,0.0
categorical__Monthly Charges_52.27,0.0
categorical__Monthly Charges_52.31,0.0
categorical__Monthly Charges_52.37,0.0
categorical__Monthly Charges_52.43,0.0
categorical__Monthly Charges_52.49,0.0
categorical__Monthly Charges_52.53,0.0
categorical__Monthly Charges_52.57,0.0
categorical__Monthly Charges_52.58,0.0
categorical__Monthly Charges_52.61,0.0
categorical__Monthly Charges_52.63,0.0
categorical__Monthly Charges_52.7,0.0
categorical__Monthly Charges_52.74,0.0
categorical__Monthly Charges_52.76,0.0
categorical__Monthly Charges_52.80,0.0
categorical__Monthly Charges_52.82,0.0
categorical__Monthly Charges_52.86,0.0
categorical__Monthly Charges_53.04,0.0
categorical__Monthly Charges_53.06,0.0
categorical__Monthly Charges_53.11,0.0
categorical__Monthly Charges_53.2,0.0
categorical__Monthly Charges_53.21,0.0
categorical__Monthly Charges_53.22,0.0
categorical__Monthly Charges_53.28,0.0
categorical__Monthly Charges_53.35,0.0
categorical__Monthly Charges_53.36,0.0
categorical__Monthly Charges_53.56,0.0
categorical__Monthly Charges_53.57,0.0
categorical__Monthly Charges_53.6,0.0
categorical__Monthly Charges_53.7,0.0
categorical__Monthly Charges_53.73,0.0
categorical__Monthly Charges_53.75,0.0
categorical__Monthly Charges_53.76,0.0
categorical__Monthly Charges_53.90,0.0
categorical__Monthly Charges_53.98,0.0
categorical__Monthly Charges_54.05,0.0
categorical__Monthly Charges_54.14,0.0
categorical__Monthly Charges_54.18,0.0
categorical__Monthly Charges_54.46,0.0
categorical__Monthly Charges_54.48,0.0
categorical__Monthly Charges_99.65,0.0
categorical__Monthly Charges_54.60,0.0
categorical__Monthly Charges_54.66,0.0
categorical__Monthly Charges_54.69,0.0
categorical__Monthly Charges_54.7,0.0
categorical__Monthly Charges_54.71,0.0
categorical__Monthly Charges_54.75,0.0
categorical__Monthly Charges_54.89,0.0
categorical__Monthly Charges_54.98,0.0
categorical__Monthly Charges_54.99,0.0
categorical__Monthly Charges_55.02,0.0
categorical__Monthly Charges_55.04,0.0
categorical__Monthly Charges_55.15,0.0
categorical__Monthly Charges_55.18,0.0
categorical__Monthly Charges_55.26,0.0
categorical__Monthly Charges_55.30,0.0
categorical__Monthly Charges_55.37,0.0
categorical__Monthly Charges_55.44,0.0
categorical__Monthly Charges_99.72,0.0
categorical__Monthly Charges_55.5,0.0
categorical__Monthly Charges_55.59,0.0
categorical__Monthly Charges_55.6,0.0
categorical__Monthly Charges_55.66,0.0
categorical__Monthly Charges_99.75,0.0
categorical__Monthly Charges_55.83,0.0
categorical__Monthly Charges_55.98,0.0
categorical__Monthly Charges_56.15,0.0
categorical__Monthly Charges_56.17,0.0
categorical__Monthly Charges_56.20,0.0
categorical__Monthly Charges_56.22,0.0
categorical__Monthly Charges_56.24,0.0
categorical__Monthly Charges_56.28,0.0
categorical__Monthly Charges_56.36,0.0
categorical__Monthly Charges_56.38,0.0
categorical__Monthly Charges_56.41,0.0
categorical__Monthly Charges_56.44,0.0
categorical__Monthly Charges_56.47,0.0
categorical__Monthly Charges_56.56,0.0
categorical__Monthly Charges_56.59,0.0
categorical__Monthly Charges_56.7,0.0
categorical__Monthly Charges_56.95,0.0
categorical__Monthly Charges_57.0,0.0
categorical__Monthly Charges_57.12,0.0
categorical__Monthly Charges_99.97,0.0
categorical__Monthly Charges_99.99,0.0
categorical__Monthly Charges_57.22,0.0
categorical__Monthly Charges_57.32,0.0
categorical__Monthly Charges_57.33,0.0
categorical__Monthly Charges_57.35,0.0
categorical__Monthly Charges_57.36,0.0
categorical__Monthly Charges_57.38,0.0
categorical__Monthly Charges_57.39,0.0
categorical__Monthly Charges_57.45,0.0
categorical__Monthly Charges_57.54,0.0
categorical__Monthly Charges_57.60,0.0
categorical__Monthly Charges_57.64,0.0
categorical__Monthly Charges_57.65,0.0
categorical__Monthly Charges_57.81,0.0
categorical__Monthly Charges_57.91,0.0
categorical__Tenure_23,0.0
categorical__Tenure_24,0.0
categorical__Monthly Charges_58.14,0.0
categorical__Monthly Charges_58.23,0.0
categorical__Monthly Charges_58.33,0.0
categorical__Monthly Charges_58.4,0.0
categorical__Monthly Charges_58.47,0.0
categorical__Monthly Charges_58.48,0.0
categorical__Monthly Charges_58.56,0.0
categorical__Monthly Charges_58.59,0.0
categorical__Monthly Charges_58.62,0.0
categorical__Monthly Charges_58.63,0.0
categorical__Monthly Charges_58.66,0.0
categorical__Monthly Charges_58.72,0.0
categorical__Monthly Charges_58.99,0.0
categorical__Monthly Charges_59.01,0.0
categorical__Monthly Charges_59.06,0.0
categorical__Monthly Charges_59.07,0.0
categorical__Monthly Charges_59.08,0.0
categorical__Monthly Charges_59.19,0.0
categorical__Monthly Charges_59.28,0.0
categorical__Monthly Charges_59.40,0.0
categorical__Monthly Charges_59.52,0.0
categorical__Monthly Charges_59.57,0.0
categorical__Monthly Charges_59.6,0.0
categorical__Monthly Charges_59.68,0.0
categorical__Monthly Charges_59.74,0.0
categorical__Monthly Charges_59.79,0.0
categorical__Monthly Charges_59.82,0.0
categorical__Monthly Charges_59.83,0.0
categorical__Monthly Charges_60.09,0.0
categorical__Monthly Charges_60.23,0.0
categorical__Tenure_25,0.0
categorical__Monthly Charges_60.46,0.0
categorical__Monthly Charges_60.47,0.0
categorical__Monthly Charges_60.58,0.0
categorical__Monthly Charges_60.66,0.0
categorical__Monthly Charges_60.76,0.0
categorical__Monthly Charges_60.77,0.0
categorical__Monthly Charges_60.81,0.0
categorical__Monthly Charges_60.91,0.0
categorical__Monthly Charges_61.05,0.0
categorical__Monthly Charges_61.07,0.0
categorical__Monthly Charges_61.09,0.0
categorical__Monthly Charges_61.11,0.0
categorical__Monthly Charges_61.13,0.0
categorical__Monthly Charges_61.14,0.0
categorical__Monthly Charges_61.17,0.0
categorical__Monthly Charges_61.24,0.0
categorical__Monthly Charges_61.37,0.0
categorical__Monthly Charges_61.42,0.0
categorical__Monthly Charges_61.45,0.0
categorical__Monthly Charges_61.47,0.0
categorical__Tenure_27,0.0
categorical__Monthly Charges_61.5,0.0
categorical__Monthly Charges_61.51,0.0
categorical__Monthly Charges_61.52,0.0
categorical__Monthly Charges_61.55,0.0
categorical__Monthly Charges_61.56,0.0
categorical__Monthly Charges_61.59,0.0
categorical__Monthly Charges_61.61,0.0
categorical__Monthly Charges_61.62,0.0
categorical__Monthly Charges_61.63,0.0
categorical__Monthly Charges_61.75,0.0
categorical__Monthly Charges_61.86,0.0
categorical__Monthly Charges_61.94,0.0
categorical__Monthly Charges_61.98,0.0
categorical__Monthly Charges_62.0,0.0
categorical__Monthly Charges_62.08,0.0
categorical__Monthly Charges_62.27,0.0
categorical__Monthly Charges_62.35,0.0
categorical__Monthly Charges_62.48,0.0
categorical__Monthly Charges_62.59,0.0
categorical__Monthly Charges_62.61,0.0
categorical__Monthly Charges_62.75,0.0
categorical__Monthly Charges_62.82,0.0
categorical__Monthly Charges_62.9,0.0
categorical__Monthly Charges_62.96,0.0
categorical__Monthly Charges_63.01,0.0
categorical__Monthly Charges_63.04,0.0
categorical__Monthly Charges_63.1,0.0
categorical__Monthly Charges_63.11,0.0
categorical__Monthly Charges_63.14,0.0
categorical__Monthly Charges_63.32,0.0
categorical__Monthly Charges_63.38,0.0
categorical__Monthly Charges_63.40,0.0
categorical__Monthly Charges_63.41,0.0
categorical__Monthly Charges_63.44,0.0
categorical__Monthly Charges_63.53,0.0
categorical__Monthly Charges_63.54,0.0
categorical__Monthly Charges_63.56,0.0
categorical__Monthly Charges_63.6,0.0
categorical__Monthly Charges_63.64,0.0
categorical__Monthly Charges_63.71,0.0
categorical__Monthly Charges_63.75,0.0
categorical__Monthly Charges_63.82,0.0
categorical__Monthly Charges_63.84,0.0
categorical__Monthly Charges_63.85,0.0
categorical__Monthly Charges_63.91,0.0
categorical__Monthly Charges_64.01,0.0
categorical__Monthly Charges_64.05,0.0
categorical__Monthly Charges_64.06,0.0
categorical__Monthly Charges_64.12,0.0
categorical__Monthly Charges_64.17,0.0
categorical__Monthly Charges_64.23,0.0
categorical__Monthly Charges_64.31,0.0
categorical__Monthly Charges_64.33,0.0
categorical__Monthly Charges_64.41,0.0
categorical__Monthly Charges_64.44,0.0
categorical__Tenure_3,0.0
categorical__Monthly Charges_64.62,0.0
categorical__Monthly Charges_64.64,0.0
categorical__Monthly Charges_64.88,0.0
categorical__Monthly Charges_64.91,0.0
categorical__Monthly Charges_65.07,0.0
categorical__Monthly Charges_65.08,0.0
categorical__Monthly Charges_65.12,0.0
categorical__Monthly Charges_65.13,0.0
categorical__Monthly Charges_65.16,0.0
categorical__Monthly Charges_65.20,0.0
categorical__Monthly Charges_65.21,0.0
categorical__Tenure_30,0.0
categorical__Monthly Charges_65.36,0.0
categorical__Monthly Charges_65.54,0.0
categorical__Monthly Charges_65.56,0.0
categorical__Monthly Charges_65.74,0.0
categorical__Monthly Charges_65.8,0.0
categorical__Monthly Charges_65.82,0.0
categorical__Monthly Charges_65.86,0.0
categorical__Monthly Charges_65.92,0.0
categorical__Monthly Charges_65.93,0.0
categorical__Monthly Charges_65.96,0.0
categorical__Monthly Charges_65.97,0.0
categorical__Monthly Charges_66.07,0.0
categorical__Monthly Charges_66.12,0.0
categorical__Monthly Charges_66.18,0.0
categorical__Monthly Charges_66.24,0.0
categorical__Monthly Charges_66.26,0.0
categorical__Monthly Charges_66.31,0.0
categorical__Monthly Charges_66.33,0.0
categorical__Monthly Charges_66.38,0.0
categorical__Monthly Charges_66.4,0.0
categorical__Monthly Charges_66.41,0.0
categorical__Monthly Charges_66.46,0.0
categorical__Tenure_31,0.0
categorical__Monthly Charges_66.57,0.0
categorical__Monthly Charges_66.58,0.0
categorical__Monthly Charges_66.61,0.0
categorical__Monthly Charges_66.8,0.0
categorical__Monthly Charges_66.90,0.0
categorical__Monthly Charges_66.93,0.0
categorical__Monthly Charges_66.95,0.0
categorical__Monthly Charges_66.99,0.0
categorical__Monthly Charges_67.09,0.0
categorical__Monthly Charges_67.1,0.0
categorical__Monthly Charges_67.25,0.0
categorical__Monthly Charges_67.4,0.0
categorical__Monthly Charges_67.42,0.0
categorical__Monthly Charges_67.44,0.0
categorical__Monthly Charges_67.57,0.0
categorical__Monthly Charges_67.65,0.0
categorical__Monthly Charges_67.83,0.0
categorical__Monthly Charges_67.85,0.0
categorical__Monthly Charges_68.0,0.0
categorical__Monthly Charges_68.13,0.0
categorical__Monthly Charges_68.15,0.0
categorical__Tenure_33,0.0
categorical__Monthly Charges_68.23,0.0
categorical__Monthly Charges_68.25,0.0
categorical__Monthly Charges_68.27,0.0
categorical__Monthly Charges_68.40,0.0
categorical__Monthly Charges_68.43,0.0
categorical__Monthly Charges_68.56,0.0
categorical__Monthly Charges_68.58,0.0
categorical__Monthly Charges_68.9,0.0
categorical__Monthly Charges_68.94,0.0
categorical__Tenure_34,0.0
categorical__Monthly Charges_69.21,0.0
categorical__Tenure_36,0.0
categorical__Monthly Charges_69.26,0.0
categorical__Monthly Charges_69.35,0.0
categorical__Monthly Charges_69.45,0.0
categorical__Monthly Charges_69.75,0.0
categorical__Monthly Charges_69.82,0.0
categorical__Monthly Charges_69.9,0.0
categorical__Monthly Charges_69.93,0.0
categorical__Monthly Charges_69.94,0.0
categorical__Monthly Charges_70.05,0.0
categorical__Monthly Charges_70.07,0.0
categorical__Monthly Charges_70.11,0.0
categorical__Monthly Charges_70.15,0.0
categorical__Monthly Charges_70.16,0.0
categorical__Monthly Charges_70.25,0.0
categorical__Monthly Charges_70.35,0.0
categorical__Monthly Charges_70.4,0.0
categorical__Monthly Charges_70.46,0.0
categorical__Monthly Charges_70.63,0.0
categorical__Monthly Charges_70.67,0.0
categorical__Monthly Charges_70.71,0.0
categorical__Monthly Charges_70.90,0.0
categorical__Monthly Charges_71.01,0.0
categorical__Monthly Charges_71.06,0.0
categorical__Monthly Charges_71.16,0.0
categorical__Monthly Charges_71.22,0.0
categorical__Monthly Charges_71.23,0.0
categorical__Monthly Charges_71.27,0.0
categorical__Monthly Charges_71.29,0.0
categorical__Monthly Charges_71.3,0.0
categorical__Monthly Charges_71.32,0.0
categorical__Monthly Charges_71.34,0.0
categorical__Monthly Charges_71.36,0.0
categorical__Monthly Charges_71.39,0.0
categorical__Monthly Charges_71.42,0.0
categorical__Monthly Charges_71.47,0.0
categorical__Monthly Charges_71.57,0.0
categorical__Monthly Charges_71.64,0.0
categorical__Monthly Charges_71.76,0.0
categorical__Monthly Charges_71.83,0.0
categorical__Monthly Charges_71.97,0.0
categorical__Monthly Charges_72.01,0.0
categorical__Monthly Charges_72.04,0.0
categorical__Monthly Charges_72.16,0.0
categorical__Monthly Charges_72.19,0.0
categorical__Monthly Charges_72.2,0.0
categorical__Monthly Charges_72.25,0.0
categorical__Monthly Charges_72.28,0.0
categorical__Monthly Charges_72.31,0.0
categorical__Monthly Charges_72.32,0.0
categorical__Monthly Charges_72.34,0.0
categorical__Monthly Charges_72.36,0.0
categorical__Monthly Charges_72.72,0.0
categorical__Monthly Charges_72.73,0.0
categorical__Monthly Charges_72.76,0.0
categorical__Monthly Charges_72.90,0.0
categorical__Monthly Charges_72.99,0.0
categorical__Monthly Charges_73.0,0.0
categorical__Monthly Charges_73.16,0.0
categorical__Monthly Charges_73.19,0.0
categorical__Monthly Charges_73.2,0.0
categorical__Monthly Charges_73.33,0.0
categorical__Monthly Charges_73.5,0.0
categorical__Monthly Charges_73.52,0.0
categorical__Monthly Charges_73.54,0.0
categorical__Monthly Charges_73.60,0.0
categorical__Monthly Charges_73.78,0.0
categorical__Monthly Charges_73.88,0.0
categorical__Monthly Charges_74.07,0.0
categorical__Monthly Charges_74.1,0.0
categorical__Monthly Charges_74.14,0.0
categorical__Monthly Charges_74.16,0.0
categorical__Monthly Charges_74.2,0.0
categorical__Tenure_37,0.0
categorical__Monthly Charges_74.45,0.0
categorical__Monthly Charges_74.48,0.0
categorical__Monthly Charges_74.50,0.0
categorical__Monthly Charges_74.56,0.0
categorical__Monthly Charges_74.67,0.0
categorical__Monthly Charges_74.72,0.0
categorical__Monthly Charges_74.78,0.0
categorical__Monthly Charges_74.8,0.0
categorical__Monthly Charges_74.93,0.0
categorical__Monthly Charges_74.96,0.0
categorical__Monthly Charges_75.05,0.0
categorical__Monthly Charges_75.11,0.0
categorical__Monthly Charges_75.19,0.0
categorical__Monthly Charges_75.2,0.0
categorical__Monthly Charges_75.34,0.0
categorical__Monthly Charges_75.43,0.0
categorical__Tenure_38,0.0
categorical__Monthly Charges_75.47,0.0
categorical__Monthly Charges_75.55,0.0
categorical__Monthly Charges_75.63,0.0
categorical__Monthly Charges_75.65,0.0
categorical__Monthly Charges_75.79,0.0
categorical__Monthly Charges_75.84,0.0
categorical__Monthly Charges_75.94,0.0
categorical__Monthly Charges_75.96,0.0
categorical__Monthly Charges_76.01,0.0
categorical__Monthly Charges_76.09,0.0
categorical__Monthly Charges_76.13,0.0
categorical__Monthly Charges_76.26,0.0
categorical__Monthly Charges_76.30,0.0
categorical__Monthly Charges_76.33,0.0
categorical__Monthly Charges_76.37,0.0
categorical__Monthly Charges_76.61,0.0
categorical__Monthly Charges_76.62,0.0
categorical__Monthly Charges_76.69,0.0
categorical__Monthly Charges_76.85,0.0
categorical__Monthly Charges_76.86,0.0
categorical__Monthly Charges_77.08,0.0
categorical__Monthly Charges_77.12,0.0
categorical__Monthly Charges_77.18,0.0
categorical__Monthly Charges_77.19,0.0
categorical__Monthly Charges_77.26,0.0
categorical__Monthly Charges_77.32,0.0
categorical__Monthly Charges_77.38,0.0
categorical__Monthly Charges_77.39,0.0
categorical__Monthly Charges_77.54,0.0
categorical__Monthly Charges_77.65,0.0
categorical__Monthly Charges_77.66,0.0
categorical__Monthly Charges_77.78,0.0
categorical__Monthly Charges_77.88,0.0
categorical__Monthly Charges_77.9,0.0
categorical__Monthly Charges_77.96,0.0
categorical__Monthly Charges_77.97,0.0
categorical__Monthly Charges_78.12,0.0
categorical__Monthly Charges_78.14,0.0
categorical__Monthly Charges_78.22,0.0
categorical__Monthly Charges_78.25,0.0
categorical__Tenure_41,0.0
categorical__Monthly Charges_78.45,0.0
categorical__Monthly Charges_78.47,0.0
categorical__Monthly Charges_78.48,0.0
categorical__Monthly Charges_78.51,0.0
categorical__Monthly Charges_78.77,0.0
categorical__Monthly Charges_78.81,0.0
categorical__Tenure_42,0.0
categorical__Monthly Charges_78.89,0.0
categorical__Monthly Charges_78.92,0.0
categorical__Monthly Charges_78.97,0.0
categorical__Monthly Charges_78.99,0.0
categorical__Monthly Charges_79.02,0.0
categorical__Tenure_43,0.0
categorical__Monthly Charges_79.23,0.0
categorical__Monthly Charges_79.28,0.0
categorical__Monthly Charges_79.38,0.0
categorical__Monthly Charges_79.41,0.0
categorical__Monthly Charges_79.48,0.0
categorical__Monthly Charges_79.71,0.0
categorical__Monthly Charges_79.73,0.0
categorical__Monthly Charges_79.78,0.0
categorical__Monthly Charges_79.86,0.0
categorical__Monthly Charges_79.90,0.0
categorical__Monthly Charges_79.96,0.0
categorical__Monthly Charges_79.98,0.0
categorical__Monthly Charges_80.0,0.0
categorical__Monthly Charges_80.03,0.0
categorical__Monthly Charges_80.17,0.0
categorical__Monthly Charges_80.25,0.0
categorical__Monthly Charges_80.3,0.0
categorical__Tenure_44,0.0
categorical__Monthly Charges_80.32,0.0
categorical__Monthly Charges_80.33,0.0
categorical__Monthly Charges_80.38,0.0
categorical__Monthly Charges_80.39,0.0
categorical__Monthly Charges_80.48,0.0
categorical__Tenure_46,0.0
categorical__Monthly Charges_80.55,0.0
categorical__Monthly Charges_80.60,0.0
categorical__Monthly Charges_80.84,0.0
categorical__Monthly Charges_80.96,0.0
categorical__Monthly Charges_80.99,0.0
categorical__Monthly Charges_81.08,0.0
categorical__Monthly Charges_81.13,0.0
categorical__Monthly Charges_81.2,0.0
categorical__Monthly Charges_81.23,0.0
categorical__Monthly Charges_81.4,0.0
categorical__Tenure_48,0.0
categorical__Monthly Charges_81.45,0.0
categorical__Monthly Charges_81.53,0.0
categorical__Monthly Charges_81.59,0.0
categorical__Monthly Charges_81.63,0.0
categorical__Monthly Charges_81.64,0.0
categorical__Monthly Charges_81.69,0.0
categorical__Monthly Charges_81.72,0.0
categorical__Monthly Charges_81.75,0.0
categorical__Monthly Charges_81.86,0.0
categorical__Monthly Charges_81.88,0.0
categorical__Monthly Charges_81.9,0.0
categorical__Monthly Charges_81.92,0.0
categorical__Monthly Charges_81.93,0.0
categorical__Monthly Charges_81.96,0.0
categorical__Tenure_49,0.0
categorical__Monthly Charges_82.04,0.0
categorical__Monthly Charges_82.09,0.0
categorical__Monthly Charges_82.2,0.0
categorical__Monthly Charges_82.27,0.0
categorical__Monthly Charges_82.5,0.0
categorical__Monthly Charges_82.53,0.0
categorical__Monthly Charges_82.63,0.0
categorical__Monthly Charges_82.75,0.0
categorical__Monthly Charges_82.77,0.0
categorical__Monthly Charges_82.8,0.0
categorical__Monthly Charges_82.81,0.0
categorical__Monthly Charges_83.0,0.0
categorical__Monthly Charges_83.06,0.0
categorical__Tenure_5,0.0
categorical__Monthly Charges_83.16,0.0
categorical__Monthly Charges_83.2,0.0
categorical__Monthly Charges_83.22,0.0
categorical__Monthly Charges_83.31,0.0
categorical__Tenure_50,0.0
categorical__Monthly Charges_83.46,0.0
categorical__Monthly Charges_83.54,0.0
categorical__Monthly Charges_83.6,0.0
categorical__Monthly Charges_83.65,0.0
categorical__Monthly Charges_83.68,0.0
categorical__Tenure_52,0.0
categorical__Monthly Charges_83.79,0.0
categorical__Tenure_54,0.0
categorical__Monthly Charges_83.85,0.0
categorical__Monthly Charges_83.9,0.0
categorical__Monthly Charges_84.06,0.0
categorical__Monthly Charges_84.21,0.0
categorical__Monthly Charges_84.26,0.0
categorical__Tenure_56,0.0
categorical__Tenure_57,0.0
categorical__Monthly Charges_84.66,0.0
categorical__Monthly Charges_84.68,0.0
categorical__Monthly Charges_84.75,0.0
categorical__Monthly Charges_84.78,0.0
categorical__Monthly Charges_85.04,0.0
categorical__Monthly Charges_85.15,0.0
categorical__Tenure_58,0.0
categorical__Tenure_60,0.0
categorical__Monthly Charges_85.23,0.0
categorical__Monthly Charges_85.34,0.0
categorical__Monthly Charges_85.4,0.0
categorical__Monthly Charges_85.42,0.0
categorical__Monthly Charges_85.47,0.0
categorical__Monthly Charges_85.59,0.0
categorical__Monthly Charges_85.61,0.0
categorical__Monthly Charges_85.64,0.0
categorical__Monthly Charges_85.81,0.0
categorical__Monthly Charges_85.91,0.0
categorical__Monthly Charges_86.08,0.0
categorical__Monthly Charges_86.11,0.0
categorical__Monthly Charges_86.25,0.0
categorical__Monthly Charges_86.26,0.0
categorical__Monthly Charges_86.28,0.0
categorical__Monthly Charges_86.42,0.0
categorical__Monthly Charges_86.5,0.0
categorical__Monthly Charges_86.51,0.0
categorical__Monthly Charges_86.54,0.0
categorical__Monthly Charges_86.63,0.0
categorical__Tenure_63,0.0
categorical__Monthly Charges_86.68,0.0
categorical__Monthly Charges_86.93,0.0
categorical__Tenure_65,0.0
categorical__Tenure_67,0.0
categorical__Monthly Charges_87.21,0.0
categorical__Monthly Charges_87.24,0.0
categorical__Monthly Charges_87.32,0.0
categorical__Monthly Charges_87.35,0.0
categorical__Monthly Charges_87.37,0.0
categorical__Monthly Charges_87.43,0.0
categorical__Monthly Charges_87.44,0.0
categorical__Monthly Charges_87.58,0.0
categorical__Tenure_69,0.0
categorical__Monthly Charges_87.72,0.0
categorical__Monthly Charges_87.75,0.0
categorical__Monthly Charges_87.84,0.0
categorical__Monthly Charges_87.89,0.0
categorical__Monthly Charges_87.9,0.0
categorical__Monthly Charges_87.90,0.0
categorical__Monthly Charges_87.92,0.0
categorical__Monthly Charges_87.95,0.0
categorical__Monthly Charges_88.06,0.0
categorical__Monthly Charges_88.14,0.0
categorical__Monthly Charges_88.22,0.0
categorical__Monthly Charges_88.27,0.0
categorical__Monthly Charges_88.35,0.0
categorical__Monthly Charges_88.46,0.0
categorical__Monthly Charges_88.54,0.0
categorical__Monthly Charges_88.57,0.0
categorical__Monthly Charges_88.60,0.0
categorical__Monthly Charges_88.7,0.0
categorical__Monthly Charges_88.73,0.0
categorical__Monthly Charges_88.88,0.0
categorical__Monthly Charges_88.98,0.0
categorical__Monthly Charges_89.0,0.0
categorical__Monthly Charges_89.01,0.0
categorical__Monthly Charges_89.04,0.0
categorical__Tenure_70,0.0
categorical__Monthly Charges_89.12,0.0
categorical__Monthly Charges_89.33,0.0
categorical__Monthly Charges_89.38,0.0
categorical__Monthly Charges_89.4,0.0
categorical__Monthly Charges_89.47,0.0
categorical__Monthly Charges_89.50,0.0
categorical__Monthly Charges_89.52,0.0
categorical__Monthly Charges_89.56,0.0
categorical__Monthly Charges_89.58,0.0
categorical__Tenure_72,0.0
categorical__Monthly Charges_89.67,0.0
categorical__Monthly Charges_89.73,0.0
categorical__Monthly Charges_89.77,0.0
categorical__Monthly Charges_100.01,0.0
categorical__Monthly Charges_89.85,0.0
categorical__Monthly Charges_89.97,0.0
categorical__Monthly Charges_90.07,0.0
categorical__Monthly Charges_90.09,0.0
categorical__Monthly Charges_90.14,0.0
categorical__Monthly Charges_90.25,0.0
categorical__Monthly Charges_90.38,0.0
categorical__Monthly Charges_90.56,0.0
categorical__Monthly Charges_100.02,0.0
categorical__Monthly Charges_90.66,0.0
categorical__Monthly Charges_90.68,0.0
categorical__Monthly Charges_90.7,0.0
categorical__Monthly Charges_90.75,0.0
categorical__Monthly Charges_90.85,0.0
categorical__Monthly Charges_91.01,0.0
categorical__Monthly Charges_91.25,0.0
categorical__Monthly Charges_91.28,0.0
categorical__Monthly Charges_91.32,0.0
categorical__Monthly Charges_91.44,0.0
categorical__Monthly Charges_91.46,0.0
categorical__Monthly Charges_91.49,0.0
categorical__Monthly Charges_91.52,0.0
categorical__Monthly Charges_100.13,0.0
categorical__Monthly Charges_92.06,0.0
categorical__Monthly Charges_92.28,0.0
categorical__Monthly Charges_92.31,0.0
categorical__Monthly Charges_92.42,0.0
categorical__Monthly Charges_100.17,0.0
categorical__Monthly Charges_92.45,0.0
categorical__Monthly Charges_92.5,0.0
categorical__Monthly Charges_100.29,0.0
categorical__Monthly Charges_92.57,0.0
categorical__Monthly Charges_92.61,0.0
categorical__Monthly Charges_92.67,0.0
categorical__Monthly Charges_92.68,0.0
categorical__Monthly Charges_92.75,0.0
categorical__Monthly Charges_100.32,0.0
categorical__Monthly Charges_92.95,0.0
categorical__Monthly Charges_92.97,0.0
categorical__Monthly Charges_93.02,0.0
categorical__Monthly Charges_93.05,0.0
categorical__Monthly Charges_93.09,0.0
categorical__Monthly Charges_93.12,0.0
categorical__Monthly Charges_93.13,0.0
categorical__Monthly Charges_100.35,0.0
categorical__Monthly Charges_93.17,0.0
categorical__Monthly Charges_93.20,0.0
categorical__Monthly Charges_93.21,0.0
categorical__Monthly Charges_93.24,0.0
categorical__Monthly Charges_93.3,0.0
categorical__Monthly Charges_93.35,0.0
categorical__Monthly Charges_93.39,0.0
categorical__Monthly Charges_93.62,0.0
categorical__Monthly Charges_93.94,0.0
categorical__Monthly Charges_93.97,0.0
categorical__Monthly Charges_94.02,0.0
categorical__Monthly Charges_94.06,0.0
categorical__Monthly Charges_94.16,0.0
categorical__Monthly Charges_94.23,0.0
categorical__Monthly Charges_94.25,0.0
categorical__Monthly Charges_94.31,0.0
categorical__Monthly Charges_94.4,0.0
categorical__Monthly Charges_94.47,0.0
categorical__Monthly Charges_94.52,0.0
categorical__Monthly Charges_94.58,0.0
categorical__Monthly Charges_94.64,0.0
categorical__Monthly Charges_94.68,0.0
categorical__Monthly Charges_94.78,0.0
categorical__Monthly Charges_94.8,0.0
categorical__Monthly Charges_94.80,0.0
categorical__Monthly Charges_94.82,0.0
categorical__Monthly Charges_100.38,0.0
categorical__Monthly Charges_95.0,0.0
categorical__Monthly Charges_95.17,0.0
categorical__Monthly Charges_95.18,0.0
categorical__Monthly Charges_100.48,0.0
categorical__Monthly Charges_95.36,0.0
categorical__Monthly Charges_95.37,0.0
categorical__Monthly Charges_95.38,0.0
categorical__Monthly Charges_95.39,0.0
categorical__Monthly Charges_100.58,0.0
categorical__Monthly Charges_95.75,0.0
categorical__Monthly Charges_95.83,0.0
categorical__Monthly Charges_95.85,0.0
categorical__Monthly Charges_95.91,0.0
categorical__Monthly Charges_96.04,0.0
categorical__Monthly Charges_96.09,0.0
categorical__Monthly Charges_96.11,0.0
categorical__Monthly Charges_96.17,0.0
categorical__Monthly Charges_96.19,0.0
categorical__Monthly Charges_96.31,0.0
categorical__Monthly Charges_96.36,0.0
categorical__Monthly Charges_96.47,0.0
categorical__Monthly Charges_96.48,0.0
categorical__Monthly Charges_96.52,0.0
categorical__Monthly Charges_96.58,0.0
categorical__Monthly Charges_96.6,0.0
categorical__Monthly Charges_96.75,0.0
categorical__Monthly Charges_96.8,0.0
categorical__Monthly Charges_96.89,0.0
categorical__Monthly Charges_97.04,0.0
categorical__Monthly Charges_97.07,0.0
categorical__Monthly Charges_97.15,0.0
categorical__Monthly Charges_97.23,0.0
categorical__Monthly Charges_97.25,0.0
categorical__Monthly Charges_97.27,0.0
categorical__Monthly Charges_100.68,0.0
categorical__Monthly Charges_97.34,0.0
categorical__Monthly Charges_97.36,0.0
categorical__Monthly Charges_97.37,0.0
categorical__Monthly Charges_100.77,0.0
categorical__Monthly Charges_97.59,0.0
categorical__Monthly Charges_97.63,0.0
categorical__Monthly Charges_97.65,0.0
categorical__Monthly Charges_100.84,0.0
categorical__Monthly Charges_97.69,0.0
categorical__Monthly Charges_97.75,0.0
categorical__Monthly Charges_97.78,0.0
categorical__Monthly Charges_97.80,0.0
categorical__Monthly Charges_98.0,0.0
categorical__Monthly Charges_98.02,0.0
categorical__Monthly Charges_98.03,0.0
categorical__Monthly Charges_98.07,0.0
categorical__Monthly Charges_98.09,0.0
categorical__Monthly Charges_98.1,0.0
categorical__Monthly Charges_100.93,0.0
categorical__Monthly Charges_98.15,0.0
categorical__Monthly Charges_98.16,0.0
categorical__Monthly Charges_98.22,0.0
categorical__Monthly Charges_98.32,0.0
categorical__Monthly Charges_100.99,0.0
categorical__Monthly Charges_98.38,0.0
categorical__Monthly Charges_98.4,0.0
categorical__Monthly Charges_98.42,0.0
categorical__Monthly Charges_98.44,0.0
categorical__Monthly Charges_98.48,0.0
categorical__Monthly Charges_98.51,0.0
categorical__Monthly Charges_98.56,0.0
categorical__Monthly Charges_98.58,0.0
categorical__Monthly Charges_98.59,0.0
categorical__Monthly Charges_98.64,0.0
categorical__Monthly Charges_98.65,0.0
categorical__Monthly Charges_101.03,0.0
categorical__Monthly Charges_101.05,0.0
categorical__Monthly Charges_101.21,0.0
categorical__Monthly Charges_101.23,0.0
categorical__Tenure_12,0.0
categorical__Monthly Charges_101.34,0.0
categorical__Tenure_14,0.0
categorical__Monthly Charges_101.53,0.0
categorical__Tenure_16,0.0
categorical__Monthly Charges_101.60,0.0
categorical__Monthly Charges_101.61,0.0
categorical__Tenure_19,0.0
categorical__Monthly Charges_101.73,0.0
categorical__Tenure_20,0.0
categorical__Monthly Charges_101.8,0.0
categorical__Monthly Charges_101.84,0.0
categorical__Monthly Charges_101.96,0.0
categorical__Monthly Charges_98.68,0.0
categorical__Monthly Charges_98.74,0.0
categorical__Monthly Charges_98.77,0.0
categorical__Monthly Charges_98.8,0.0
categorical__Monthly Charges_98.94,0.0
categorical__Monthly Charges_98.95,0.0
categorical__Monthly Charges_99.0,0.0
categorical__Monthly Charges_102.04,0.0
categorical__Monthly Charges_99.07,0.0
categorical__Monthly Charges_99.14,0.0
categorical__Monthly Charges_99.15,0.0
categorical__Monthly Charges_99.31,0.0
categorical__Monthly Charges_99.36,0.0
categorical__Monthly Charges_99.45,0.0
categorical__Tenure_22,0.0
